module,file,version,sha256,criteria
00,00_VISION_Y_PRINCIPIOS_FINAL.docx,1.3,ec7d6685b78b18dbebcee3fabed40a55e054c353016997c9dbef6e5c4ae64dc1,0
01,01_ARQUITECTURA_Y_SEGURIDAD_FINAL.docx,1.2,25fbf6828d2a3c20297ca53dac6a3593649b5dab19dac7eb49319811fc12e61f,0
02,02_USUARIOS_Y_PERMISOS_FINAL.docx,1.2,6d29dc891773daf4de99b4f7586281936bf11be8c1e2cbd15d50bd0e61df35d8,0
03,03_TAREAS_FINAL.docx,1.3,5d40a9e957a01b46845a04285fb6b9fce8464cad1996264cfd385f07d20f0203,0
04,04_TRIAGE_FINAL.docx,1.1,c0a3429789860faa689b2d002a250e2531eb4aa66a11795ac4cf579430699857,0
05,05_RADAR_SEGUIMIENTO_FINAL.docx,1.1,595e98480d86743cf4b1afafc669da44d7037da69541a76e71a63e7c3876c573,0
06,06_EQ_ASISTENTE_DE_DECISION_FINAL.docx,1.4,80f59e65cae5f7575bb505898b4e29267c96eda458dfe418ce57aafa7a2e7598,0
07,07_BUSINESS_INTELLIGENCE_FINAL.docx,1.1,a4881c97fbe514af9e8b87696547ddd495fc2b3b726c18e2d2e10fd2eb030610,0
08,08_CLIENTES_Y_VENTAS_FINAL.docx,1.1,7960c41c232179c9fcd065874783063fa743f6dd63fbb5f61b2bf57248db2450,0
09,09_TICKETS_FINAL.docx,1.3,77b1f389b39cd8656cd9e979aaf51503df5f8bf9b126641049f552282ef3291f,0
10,10_CHAT_INTERNO_FINAL.docx,1.0,2d172d1aad7acdb1b063874e0f988277c3493b5ea840526f97406e5f3f3cb9bd,0
11,11_MODELO_DE_DATOS_FINAL.docx,1.0,c65df9ba5c2f0d09982c8fb589116a0e240283304d87fdd38bd02c4d959e1780,0
12,12_CRITERIOS_DE_ACEPTACION_FINAL.docx,1.0,34fee2c6bd682c3fdf2b503b78dd0cdc49d01655e2e1da49e0b7c719edc862d3,139
13,13_DOTS_DESARROLLO_FINAL.docx,1.0,a431787075a9708b7c4d22cb3a4ed2a643c3f49697b68d906c0a509014859fca,13
14,14_ORQUESTACION_DE_IA_FINAL.docx,1.0,d2c4ce991f26145304eb434c4d29ac0c0ae1f849f7919bfc831e531b27f3dc8c,15
15,15_MEMORIA_Y_CONOCIMIENTO_FINAL.docx,1.0,bea59305a175ea569d0e442163158e8505f5cdbf6c8d00e76875e82023758c90,15
16,16_GOBERNANZA_DE_IA_FINAL_v1_1.docx,1.1,97063790ccebd3c91088491ae2c450b68f138db79aa534e8de4388a9f1640e11,30
17,17_EVALUACION_Y_MEJORA_CONTINUA_IA_v1_1.docx,1.1,278ea29473ad62c9fc23cb659f924a0f95089a4b45951c8586b49c2295419bc1,42
18,18_OBSERVABILIDAD_DE_IA_v1_0.docx,1.0,5cb64dc6c0107b11f353153a5d09fa48132fea752615144e8f9f033e605ace25,40
19,19_CENTRO_DE_DIRECCION_EJECUTIVA_ULi_v1_2.docx,1.2,1ab8c4c3cc28924445bedc0a3829bd77360aee25a3e91a4193eacb2ccb24a7fa,67
