Caso_P1,Requisito_fuente,Precondición,Actor,Acción,Resultado_esperado,Evidencia_a_recolectar,Limpieza,Estado_de_ejecución
P1-TR-PENDING-IN_PROGRESS,"DOC03 §9, §13–15, §23–24; estado pending→in_progress","Task fixture aislada con estado inicial conocido, historial snapshot; baseline aprobado.","authenticated, profile activo interno, actor autorizado y dueño/asignado de fixture","RPC transition_task_operational_status(..., in_progress, contexto nulo)","Transición permitida; estado final in_progress; una fila de historial con from=pending, to=in_progress, actor y contexto correcto; campos de espera/bloqueo limpiados cuando dejan de aplicar.",Consulta pre/post de tasks + task_status_history; capturar id de fixture y salida SQL.,ROLLBACK de transacción de prueba; fixture/residuos=0.,PREPARADO — NO EJECUTADO
P1-TR-PENDING-WAITING,"DOC03 §9, §13–15, §23–24; estado pending→waiting","Task fixture aislada con estado inicial conocido, historial snapshot; baseline aprobado.","authenticated, profile activo interno, actor autorizado y dueño/asignado de fixture","RPC transition_task_operational_status(..., waiting, waiting_on + (review_at o condition))","Transición permitida; estado final waiting; una fila de historial con from=pending, to=waiting, actor y contexto correcto; campos de espera/bloqueo limpiados cuando dejan de aplicar.",Consulta pre/post de tasks + task_status_history; capturar id de fixture y salida SQL.,ROLLBACK de transacción de prueba; fixture/residuos=0.,PREPARADO — NO EJECUTADO
P1-TR-PENDING-BLOCKED,"DOC03 §9, §13–15, §23–24; estado pending→blocked","Task fixture aislada con estado inicial conocido, historial snapshot; baseline aprobado.","authenticated, profile activo interno, actor autorizado y dueño/asignado de fixture","RPC transition_task_operational_status(..., blocked, blocked_reason)","Transición permitida; estado final blocked; una fila de historial con from=pending, to=blocked, actor y contexto correcto; campos de espera/bloqueo limpiados cuando dejan de aplicar.",Consulta pre/post de tasks + task_status_history; capturar id de fixture y salida SQL.,ROLLBACK de transacción de prueba; fixture/residuos=0.,PREPARADO — NO EJECUTADO
P1-TR-PENDING-CANCELLED,"DOC03 §9, §13–15, §23–24; estado pending→cancelled","Task fixture aislada con estado inicial conocido, historial snapshot; baseline aprobado.","authenticated, profile activo interno, actor autorizado y dueño/asignado de fixture","RPC transition_task_operational_status(..., cancelled, reason)","Transición permitida; estado final cancelled; una fila de historial con from=pending, to=cancelled, actor y contexto correcto; campos de espera/bloqueo limpiados cuando dejan de aplicar.",Consulta pre/post de tasks + task_status_history; capturar id de fixture y salida SQL.,ROLLBACK de transacción de prueba; fixture/residuos=0.,PREPARADO — NO EJECUTADO
P1-TR-IN_PROGRESS-PENDING,"DOC03 §9, §13–15, §23–24; estado in_progress→pending","Task fixture aislada con estado inicial conocido, historial snapshot; baseline aprobado.","authenticated, profile activo interno, actor autorizado y dueño/asignado de fixture","RPC transition_task_operational_status(..., pending, contexto nulo)","Transición permitida; estado final pending; una fila de historial con from=in_progress, to=pending, actor y contexto correcto; campos de espera/bloqueo limpiados cuando dejan de aplicar.",Consulta pre/post de tasks + task_status_history; capturar id de fixture y salida SQL.,ROLLBACK de transacción de prueba; fixture/residuos=0.,PREPARADO — NO EJECUTADO
P1-TR-IN_PROGRESS-WAITING,"DOC03 §9, §13–15, §23–24; estado in_progress→waiting","Task fixture aislada con estado inicial conocido, historial snapshot; baseline aprobado.","authenticated, profile activo interno, actor autorizado y dueño/asignado de fixture","RPC transition_task_operational_status(..., waiting, waiting_on + (review_at o condition))","Transición permitida; estado final waiting; una fila de historial con from=in_progress, to=waiting, actor y contexto correcto; campos de espera/bloqueo limpiados cuando dejan de aplicar.",Consulta pre/post de tasks + task_status_history; capturar id de fixture y salida SQL.,ROLLBACK de transacción de prueba; fixture/residuos=0.,PREPARADO — NO EJECUTADO
P1-TR-IN_PROGRESS-BLOCKED,"DOC03 §9, §13–15, §23–24; estado in_progress→blocked","Task fixture aislada con estado inicial conocido, historial snapshot; baseline aprobado.","authenticated, profile activo interno, actor autorizado y dueño/asignado de fixture","RPC transition_task_operational_status(..., blocked, blocked_reason)","Transición permitida; estado final blocked; una fila de historial con from=in_progress, to=blocked, actor y contexto correcto; campos de espera/bloqueo limpiados cuando dejan de aplicar.",Consulta pre/post de tasks + task_status_history; capturar id de fixture y salida SQL.,ROLLBACK de transacción de prueba; fixture/residuos=0.,PREPARADO — NO EJECUTADO
P1-TR-IN_PROGRESS-COMPLETED,"DOC03 §9, §13–15, §23–24; estado in_progress→completed","Task fixture aislada con estado inicial conocido, historial snapshot; baseline aprobado.","authenticated, profile activo interno, actor autorizado y dueño/asignado de fixture","RPC transition_task_operational_status(..., completed, contexto nulo)","Transición permitida; estado final completed; una fila de historial con from=in_progress, to=completed, actor y contexto correcto; campos de espera/bloqueo limpiados cuando dejan de aplicar.",Consulta pre/post de tasks + task_status_history; capturar id de fixture y salida SQL.,ROLLBACK de transacción de prueba; fixture/residuos=0.,PREPARADO — NO EJECUTADO
P1-TR-IN_PROGRESS-CANCELLED,"DOC03 §9, §13–15, §23–24; estado in_progress→cancelled","Task fixture aislada con estado inicial conocido, historial snapshot; baseline aprobado.","authenticated, profile activo interno, actor autorizado y dueño/asignado de fixture","RPC transition_task_operational_status(..., cancelled, reason)","Transición permitida; estado final cancelled; una fila de historial con from=in_progress, to=cancelled, actor y contexto correcto; campos de espera/bloqueo limpiados cuando dejan de aplicar.",Consulta pre/post de tasks + task_status_history; capturar id de fixture y salida SQL.,ROLLBACK de transacción de prueba; fixture/residuos=0.,PREPARADO — NO EJECUTADO
P1-TR-WAITING-PENDING,"DOC03 §9, §13–15, §23–24; estado waiting→pending","Task fixture aislada con estado inicial conocido, historial snapshot; baseline aprobado.","authenticated, profile activo interno, actor autorizado y dueño/asignado de fixture","RPC transition_task_operational_status(..., pending, contexto nulo)","Transición permitida; estado final pending; una fila de historial con from=waiting, to=pending, actor y contexto correcto; campos de espera/bloqueo limpiados cuando dejan de aplicar.",Consulta pre/post de tasks + task_status_history; capturar id de fixture y salida SQL.,ROLLBACK de transacción de prueba; fixture/residuos=0.,PREPARADO — NO EJECUTADO
P1-TR-WAITING-IN_PROGRESS,"DOC03 §9, §13–15, §23–24; estado waiting→in_progress","Task fixture aislada con estado inicial conocido, historial snapshot; baseline aprobado.","authenticated, profile activo interno, actor autorizado y dueño/asignado de fixture","RPC transition_task_operational_status(..., in_progress, contexto nulo)","Transición permitida; estado final in_progress; una fila de historial con from=waiting, to=in_progress, actor y contexto correcto; campos de espera/bloqueo limpiados cuando dejan de aplicar.",Consulta pre/post de tasks + task_status_history; capturar id de fixture y salida SQL.,ROLLBACK de transacción de prueba; fixture/residuos=0.,PREPARADO — NO EJECUTADO
P1-TR-WAITING-BLOCKED,"DOC03 §9, §13–15, §23–24; estado waiting→blocked","Task fixture aislada con estado inicial conocido, historial snapshot; baseline aprobado.","authenticated, profile activo interno, actor autorizado y dueño/asignado de fixture","RPC transition_task_operational_status(..., blocked, blocked_reason)","Transición permitida; estado final blocked; una fila de historial con from=waiting, to=blocked, actor y contexto correcto; campos de espera/bloqueo limpiados cuando dejan de aplicar.",Consulta pre/post de tasks + task_status_history; capturar id de fixture y salida SQL.,ROLLBACK de transacción de prueba; fixture/residuos=0.,PREPARADO — NO EJECUTADO
P1-TR-WAITING-CANCELLED,"DOC03 §9, §13–15, §23–24; estado waiting→cancelled","Task fixture aislada con estado inicial conocido, historial snapshot; baseline aprobado.","authenticated, profile activo interno, actor autorizado y dueño/asignado de fixture","RPC transition_task_operational_status(..., cancelled, reason)","Transición permitida; estado final cancelled; una fila de historial con from=waiting, to=cancelled, actor y contexto correcto; campos de espera/bloqueo limpiados cuando dejan de aplicar.",Consulta pre/post de tasks + task_status_history; capturar id de fixture y salida SQL.,ROLLBACK de transacción de prueba; fixture/residuos=0.,PREPARADO — NO EJECUTADO
P1-TR-BLOCKED-PENDING,"DOC03 §9, §13–15, §23–24; estado blocked→pending","Task fixture aislada con estado inicial conocido, historial snapshot; baseline aprobado.","authenticated, profile activo interno, actor autorizado y dueño/asignado de fixture","RPC transition_task_operational_status(..., pending, contexto nulo)","Transición permitida; estado final pending; una fila de historial con from=blocked, to=pending, actor y contexto correcto; campos de espera/bloqueo limpiados cuando dejan de aplicar.",Consulta pre/post de tasks + task_status_history; capturar id de fixture y salida SQL.,ROLLBACK de transacción de prueba; fixture/residuos=0.,PREPARADO — NO EJECUTADO
P1-TR-BLOCKED-IN_PROGRESS,"DOC03 §9, §13–15, §23–24; estado blocked→in_progress","Task fixture aislada con estado inicial conocido, historial snapshot; baseline aprobado.","authenticated, profile activo interno, actor autorizado y dueño/asignado de fixture","RPC transition_task_operational_status(..., in_progress, contexto nulo)","Transición permitida; estado final in_progress; una fila de historial con from=blocked, to=in_progress, actor y contexto correcto; campos de espera/bloqueo limpiados cuando dejan de aplicar.",Consulta pre/post de tasks + task_status_history; capturar id de fixture y salida SQL.,ROLLBACK de transacción de prueba; fixture/residuos=0.,PREPARADO — NO EJECUTADO
P1-TR-BLOCKED-WAITING,"DOC03 §9, §13–15, §23–24; estado blocked→waiting","Task fixture aislada con estado inicial conocido, historial snapshot; baseline aprobado.","authenticated, profile activo interno, actor autorizado y dueño/asignado de fixture","RPC transition_task_operational_status(..., waiting, waiting_on + (review_at o condition))","Transición permitida; estado final waiting; una fila de historial con from=blocked, to=waiting, actor y contexto correcto; campos de espera/bloqueo limpiados cuando dejan de aplicar.",Consulta pre/post de tasks + task_status_history; capturar id de fixture y salida SQL.,ROLLBACK de transacción de prueba; fixture/residuos=0.,PREPARADO — NO EJECUTADO
P1-TR-BLOCKED-CANCELLED,"DOC03 §9, §13–15, §23–24; estado blocked→cancelled","Task fixture aislada con estado inicial conocido, historial snapshot; baseline aprobado.","authenticated, profile activo interno, actor autorizado y dueño/asignado de fixture","RPC transition_task_operational_status(..., cancelled, reason)","Transición permitida; estado final cancelled; una fila de historial con from=blocked, to=cancelled, actor y contexto correcto; campos de espera/bloqueo limpiados cuando dejan de aplicar.",Consulta pre/post de tasks + task_status_history; capturar id de fixture y salida SQL.,ROLLBACK de transacción de prueba; fixture/residuos=0.,PREPARADO — NO EJECUTADO
P1-TR-COMPLETED-PENDING,"DOC03 §9, §13–15, §23–24; estado completed→pending","Task fixture aislada con estado inicial conocido, historial snapshot; baseline aprobado.","authenticated, profile activo interno, actor autorizado y dueño/asignado de fixture","RPC transition_task_operational_status(..., pending, reason)","Transición permitida; estado final pending; una fila de historial con from=completed, to=pending, actor y contexto correcto; campos de espera/bloqueo limpiados cuando dejan de aplicar.",Consulta pre/post de tasks + task_status_history; capturar id de fixture y salida SQL.,ROLLBACK de transacción de prueba; fixture/residuos=0.,PREPARADO — NO EJECUTADO
P1-TR-COMPLETED-IN_PROGRESS,"DOC03 §9, §13–15, §23–24; estado completed→in_progress","Task fixture aislada con estado inicial conocido, historial snapshot; baseline aprobado.","authenticated, profile activo interno, actor autorizado y dueño/asignado de fixture","RPC transition_task_operational_status(..., in_progress, reason)","Transición permitida; estado final in_progress; una fila de historial con from=completed, to=in_progress, actor y contexto correcto; campos de espera/bloqueo limpiados cuando dejan de aplicar.",Consulta pre/post de tasks + task_status_history; capturar id de fixture y salida SQL.,ROLLBACK de transacción de prueba; fixture/residuos=0.,PREPARADO — NO EJECUTADO
P1-NO-PENDING-COMPLETED,DOC03 §9 y regla de transición; pending↛completed,Task fixture en estado inicial exacto; snapshot de estado e historial.,"authenticated, actor activo con acceso a la tarea",Invocar RPC para pending→completed con el contexto máximo válido para destino.,"Rechazo TASK_TRANSITION_NOT_ALLOWED o TASK_CANCELLED_IS_TERMINAL; status, completed_at, historia, followup y Radar no cambian.",Error SQLSTATE/código; comparar snapshot antes/después.,ROLLBACK; sin historia/efectos secundarios.,PREPARADO — NO EJECUTADO
P1-NO-WAITING-COMPLETED,DOC03 §9 y regla de transición; waiting↛completed,Task fixture en estado inicial exacto; snapshot de estado e historial.,"authenticated, actor activo con acceso a la tarea",Invocar RPC para waiting→completed con el contexto máximo válido para destino.,"Rechazo TASK_TRANSITION_NOT_ALLOWED o TASK_CANCELLED_IS_TERMINAL; status, completed_at, historia, followup y Radar no cambian.",Error SQLSTATE/código; comparar snapshot antes/después.,ROLLBACK; sin historia/efectos secundarios.,PREPARADO — NO EJECUTADO
P1-NO-BLOCKED-COMPLETED,DOC03 §9 y regla de transición; blocked↛completed,Task fixture en estado inicial exacto; snapshot de estado e historial.,"authenticated, actor activo con acceso a la tarea",Invocar RPC para blocked→completed con el contexto máximo válido para destino.,"Rechazo TASK_TRANSITION_NOT_ALLOWED o TASK_CANCELLED_IS_TERMINAL; status, completed_at, historia, followup y Radar no cambian.",Error SQLSTATE/código; comparar snapshot antes/después.,ROLLBACK; sin historia/efectos secundarios.,PREPARADO — NO EJECUTADO
P1-NO-COMPLETED-WAITING,DOC03 §9 y regla de transición; completed↛waiting,Task fixture en estado inicial exacto; snapshot de estado e historial.,"authenticated, actor activo con acceso a la tarea",Invocar RPC para completed→waiting con el contexto máximo válido para destino.,"Rechazo TASK_TRANSITION_NOT_ALLOWED o TASK_CANCELLED_IS_TERMINAL; status, completed_at, historia, followup y Radar no cambian.",Error SQLSTATE/código; comparar snapshot antes/después.,ROLLBACK; sin historia/efectos secundarios.,PREPARADO — NO EJECUTADO
P1-NO-COMPLETED-BLOCKED,DOC03 §9 y regla de transición; completed↛blocked,Task fixture en estado inicial exacto; snapshot de estado e historial.,"authenticated, actor activo con acceso a la tarea",Invocar RPC para completed→blocked con el contexto máximo válido para destino.,"Rechazo TASK_TRANSITION_NOT_ALLOWED o TASK_CANCELLED_IS_TERMINAL; status, completed_at, historia, followup y Radar no cambian.",Error SQLSTATE/código; comparar snapshot antes/después.,ROLLBACK; sin historia/efectos secundarios.,PREPARADO — NO EJECUTADO
P1-NO-COMPLETED-CANCELLED,DOC03 §9 y regla de transición; completed↛cancelled,Task fixture en estado inicial exacto; snapshot de estado e historial.,"authenticated, actor activo con acceso a la tarea",Invocar RPC para completed→cancelled con el contexto máximo válido para destino.,"Rechazo TASK_TRANSITION_NOT_ALLOWED o TASK_CANCELLED_IS_TERMINAL; status, completed_at, historia, followup y Radar no cambian.",Error SQLSTATE/código; comparar snapshot antes/después.,ROLLBACK; sin historia/efectos secundarios.,PREPARADO — NO EJECUTADO
P1-NO-CANCELLED-PENDING,DOC03 §9 y regla de transición; cancelled↛pending,Task fixture en estado inicial exacto; snapshot de estado e historial.,"authenticated, actor activo con acceso a la tarea",Invocar RPC para cancelled→pending con el contexto máximo válido para destino.,La reapertura cancelled→pending se permite únicamente con motivo; sin motivo se rechaza sin escrituras. Los demás destinos desde cancelled se rechazan.,Error SQLSTATE/código; comparar snapshot antes/después.,ROLLBACK; sin historia/efectos secundarios.,PREPARADO — NO EJECUTADO
P1-NO-CANCELLED-IN_PROGRESS,DOC03 §9 y regla de transición; cancelled↛in_progress,Task fixture en estado inicial exacto; snapshot de estado e historial.,"authenticated, actor activo con acceso a la tarea",Invocar RPC para cancelled→in_progress con el contexto máximo válido para destino.,"Rechazo TASK_TRANSITION_NOT_ALLOWED o TASK_CANCELLED_IS_TERMINAL; status, completed_at, historia, followup y Radar no cambian.",Error SQLSTATE/código; comparar snapshot antes/después.,ROLLBACK; sin historia/efectos secundarios.,PREPARADO — NO EJECUTADO
P1-NO-CANCELLED-WAITING,DOC03 §9 y regla de transición; cancelled↛waiting,Task fixture en estado inicial exacto; snapshot de estado e historial.,"authenticated, actor activo con acceso a la tarea",Invocar RPC para cancelled→waiting con el contexto máximo válido para destino.,"Rechazo TASK_TRANSITION_NOT_ALLOWED o TASK_CANCELLED_IS_TERMINAL; status, completed_at, historia, followup y Radar no cambian.",Error SQLSTATE/código; comparar snapshot antes/después.,ROLLBACK; sin historia/efectos secundarios.,PREPARADO — NO EJECUTADO
P1-NO-CANCELLED-BLOCKED,DOC03 §9 y regla de transición; cancelled↛blocked,Task fixture en estado inicial exacto; snapshot de estado e historial.,"authenticated, actor activo con acceso a la tarea",Invocar RPC para cancelled→blocked con el contexto máximo válido para destino.,"Rechazo TASK_TRANSITION_NOT_ALLOWED o TASK_CANCELLED_IS_TERMINAL; status, completed_at, historia, followup y Radar no cambian.",Error SQLSTATE/código; comparar snapshot antes/después.,ROLLBACK; sin historia/efectos secundarios.,PREPARADO — NO EJECUTADO
P1-NO-CANCELLED-COMPLETED,DOC03 §9 y regla de transición; cancelled↛completed,Task fixture en estado inicial exacto; snapshot de estado e historial.,"authenticated, actor activo con acceso a la tarea",Invocar RPC para cancelled→completed con el contexto máximo válido para destino.,"Rechazo TASK_TRANSITION_NOT_ALLOWED o TASK_CANCELLED_IS_TERMINAL; status, completed_at, historia, followup y Radar no cambian.",Error SQLSTATE/código; comparar snapshot antes/después.,ROLLBACK; sin historia/efectos secundarios.,PREPARADO — NO EJECUTADO
P1-SAME-PENDING,DOC03 §9; idempotencia de transición de estado,Task fixture ya en pending.,authenticated autorizado,Invocar transición a pending.,Rechazo TASK_STATUS_UNCHANGED; ningún evento ni modificación temporal.,Código SQL y snapshot de fila/historial.,ROLLBACK y cero residuos.,PREPARADO — NO EJECUTADO
P1-SAME-IN_PROGRESS,DOC03 §9; idempotencia de transición de estado,Task fixture ya en in_progress.,authenticated autorizado,Invocar transición a in_progress.,Rechazo TASK_STATUS_UNCHANGED; ningún evento ni modificación temporal.,Código SQL y snapshot de fila/historial.,ROLLBACK y cero residuos.,PREPARADO — NO EJECUTADO
P1-SAME-WAITING,DOC03 §9; idempotencia de transición de estado,Task fixture ya en waiting.,authenticated autorizado,Invocar transición a waiting.,Rechazo TASK_STATUS_UNCHANGED; ningún evento ni modificación temporal.,Código SQL y snapshot de fila/historial.,ROLLBACK y cero residuos.,PREPARADO — NO EJECUTADO
P1-SAME-BLOCKED,DOC03 §9; idempotencia de transición de estado,Task fixture ya en blocked.,authenticated autorizado,Invocar transición a blocked.,Rechazo TASK_STATUS_UNCHANGED; ningún evento ni modificación temporal.,Código SQL y snapshot de fila/historial.,ROLLBACK y cero residuos.,PREPARADO — NO EJECUTADO
P1-SAME-COMPLETED,DOC03 §9; idempotencia de transición de estado,Task fixture ya en completed.,authenticated autorizado,Invocar transición a completed.,Rechazo TASK_STATUS_UNCHANGED; ningún evento ni modificación temporal.,Código SQL y snapshot de fila/historial.,ROLLBACK y cero residuos.,PREPARADO — NO EJECUTADO
P1-SAME-CANCELLED,DOC03 §9; idempotencia de transición de estado,Task fixture ya en cancelled.,authenticated autorizado,Invocar transición a cancelled.,Rechazo TASK_STATUS_UNCHANGED; ningún evento ni modificación temporal.,Código SQL y snapshot de fila/historial.,ROLLBACK y cero residuos.,PREPARADO — NO EJECUTADO
P1-WAIT-NO-DEPENDENCY,DOC03 §13–14; DOC05 §16,Task pending sin followup/Radar; baseline con funciones/trigger reales.,authenticated autorizado,Invocar transición a waiting sin waiting_on.,Rechazo TASK_WAITING_CONTEXT_REQUIRED; task y tablas de seguimiento intactas.,SQLSTATE/código + snapshot de tablas.,ROLLBACK; confirmar 0 fixtures.,PREPARADO — NO EJECUTADO
P1-WAIT-NO-RETURN-CONDITION,DOC03 §14,"Task pending; waiting_on presente, sin review_at y sin condición.",authenticated autorizado,Invocar transición waiting con solo waiting_on.,Rechazo TASK_WAITING_REVIEW_OR_CONDITION_REQUIRED; sin historia ni followup/Radar.,SQLSTATE/código y snapshots.,ROLLBACK.,PREPARADO — NO EJECUTADO
P1-WAIT-ONE-FOLLOWUP-AND-RADAR,"DOC03 §14, §20; DOC05 §16, §18",Task pending sin seguimientos; metadatos de owner/asignado válidos.,authenticated autorizado,"Pasar a waiting con dependency, condición y fecha; leer task/followup/radar.","Un followup pending y un Radar activo ligados a task; responsable, fecha/acción/contexto correctos; estado de tarea espera, no bloqueo.",IDs de fixture/followup/radar; fila de historia y atributos completos.,ROLLBACK y consulta posrollback en conexión nueva.,PREPARADO — NO EJECUTADO
P1-WAIT-REENTER-IDEMPOTENT,"DOC03 §14; DOC05 §18, §89",Task esperando con followup y Radar activos creados; prueba secuencial.,authenticated autorizado,waiting→in_progress; luego volver a waiting con contexto/fecha distintos.,"Una sola continuidad pendiente; mismo followup/Radar reutilizado y enriquecido; contexto actual actualizado, sin duplicados.",Contar filas y comparar IDs/updated_at/condition_text; historia conserva eventos.,ROLLBACK.,PREPARADO — NO EJECUTADO
P1-WAIT-EXIT-STALE-FOLLOWUP,"DOC03 §14, §20; DOC05 §24, §100",Task waiting con dependencia marcada como satisfecha; followup/Radar vinculados.,authenticated autorizado,Transicionar a in_progress cuando la dependencia se cumplió.,"Sin evidencia de resolución, cambiar estado conserva la continuidad. Con verificación explícita y evidencia, se cierra solo el seguimiento de esa dependencia; Radar promueve otro compromiso pendiente o cierra si no queda obligación.",Demostrar código actual: RPC actualiza task pero no modifica followups salvo destino waiting; obtener snapshots pre/post.,ROLLBACK. Este caso es brecha de código a validar/corregir antes de declarar P1 PASS.,PREPARADO — NO EJECUTADO
P1-WAIT-TO-BLOCK,"DOC03 §13–15, §46; DOC05 §24",Task esperando con followup activo; bloqueo nuevo con causa.,authenticated autorizado,Transicionar waiting→blocked.,La tarea queda bloqueada y limpia su contexto de espera. La continuidad válida se conserva; solo se cierra la dependencia si se verificó con evidencia. No queda Radar duplicado ni zombie.,"Snapshot task, followup, radar y event history.",ROLLBACK; revisar sin mutación residual.,PREPARADO — NO EJECUTADO
P1-BLOCK-NO-CAUSE,"DOC03 §13, §15",Task pending/in_progress.,authenticated autorizado,Transicionar a blocked sin blocked_reason.,TASK_BLOCK_REASON_REQUIRED y sin cambios/historia.,SQLSTATE y snapshot.,ROLLBACK.,PREPARADO — NO EJECUTADO
P1-BLOCK-CONTEXT,DOC03 §13–15,Task activa.,authenticated autorizado,Transicionar a blocked con causa y desbloqueador; luego desbloquear a in_progress.,"blocked_reason se persiste; unblocker/contexto según el contrato; al salir del bloqueo se limpian campos obsoletos, historia conserva causa.",Leer task e historial metadata antes/después; verificar fields y actor.,ROLLBACK.,PREPARADO — NO EJECUTADO
P1-CANCEL-REASON,DOC03 §24,Task activa con snapshot.,authenticated autorizado,Cancelar sin reason y luego con reason contextual.,"Sin reason: TASK_CANCEL_REASON_REQUIRED y sin efecto. Con reason: cancelled, historial contiene motivo; no se registra como completed.",Resultado negativo y fila de historia positiva con from/to/actor/reason.,ROLLBACK.,PREPARADO — NO EJECUTADO
P1-CANCEL-TERMINAL,DOC03 §24,Task cancelled con motivo e historial.,authenticated autorizado,Intentar todas las transiciones desde cancelled.,"Desde cancelled, solo se permite reabrir a pending con motivo e historial. Transiciones a in_progress, waiting, blocked, completed o cancelled se rechazan sin cambios.",Códigos de rechazo; snapshot invariant.,ROLLBACK.,PREPARADO — NO EJECUTADO
P1-COMPLETE-REOPEN,"DOC03 §19, §23","Task in_progress, historial previo.",authenticated autorizado,Completar; reabrir a pending sin razón y después con razón.,"Completar registra timestamp e historia; sin razón rechaza reapertura; con razón vuelve a pending, limpia completed_at y agrega evento sin borrar finalización anterior.",Historial ordenado y `completed_at`; status/códigos/razones.,ROLLBACK.,PREPARADO — NO EJECUTADO
P1-COMPLETE-NO-FOLLOWUP,DOC03 §19–20; DOC05 §24,"Task completada sin compromiso/espera/revisión futura, con cualquier Radar asociado al mismo loop.",authenticated autorizado,Completar task.,La tarea se cierra sin exigir formulario; seguimiento existente se cierra únicamente si desapareció su necesidad; si hay continuidad futura debe permanecer/proponerse en Radar. Prueba exige decisión de fuente de continuidad.,Resultado final y relación origen/seguimiento; verificar no se marca satisfecho automáticamente sin evidencia.,ROLLBACK; decisión de regla necesaria.,PREPARADO — NO EJECUTADO
P1-COMPLETE-FUTURE-COMMITMENT,"DOC03 §19–20; DOC05 §16, §24",Task ligada a compromiso futuro explícito.,authenticated autorizado,Completar task.,"Task completada y loop futuro creado/actualizado en Radar, sin mantener abierta la task.","IDs, condición, next_review_at, acción y trigger/source correcto.",ROLLBACK; no incluido en assertions actuales del test nuevo.,PREPARADO — NO EJECUTADO
P1-AUTH-FOREIGN-TASK,DOC02; DOC03 §47; RLS de tasks,Dos identidades internas activas A/B; task fixture visible solo a A; claims B.,authenticated como B,Invocar RPC sobre task A.,Rechazo genérico TASK_NOT_FOUND_OR_FORBIDDEN; no filtración ni cambio/history/followup/radar.,"Claims/role, error y snapshots bajo RLS actor B.",ROLLBACK; fixtures aislados.,PREPARADO — NO EJECUTADO
P1-AUTH-PORTAL,DOC02/09; DOC03 permisos,Identidad Portal A y task interna no visible en base local aislada.,authenticated Portal,Invocar RPC y consultar por RLS.,Denegado por authorization/RLS; ninguna mutación/evento.,"Sesión JWT simulada de Portal, resultado y conteos.",ROLLBACK; nunca usar usuario Portal real fuera de fixture autorizado.,PREPARADO — NO EJECUTADO
P1-AUTH-INACTIVE,DOC02; política is_active_user,Identidad fixture inactiva con claims válidos.,authenticated inactivo,Invocar RPC en task fixture.,TASK_TRANSITION_UNAUTHORIZED; sin cambios.,"SQLSTATE, claims y snapshots.",Rollback en base aislada.,PREPARADO — NO EJECUTADO
P1-HISTORY-ACTOR-METADATA,"DOC03 §23, §46","Transiciones exitosas a waiting, blocked, completed, reopened, cancelled; actor verificado.",authenticated interno,Ejecutar la serie; leer task_status_history como rol con alcance.,Actor = auth.uid(); timestamps; from/to; reason; metadata guarda contexto; rechazos no dejan eventos.,"Filas completas de history, no solo conteo; políticas de lectura comprobadas.",ROLLBACK.,PREPARADO — NO EJECUTADO
P1-RADAR-EXISTING-SOURCE-REUSE,"DOC05 §18, §89",Task ya tiene Radar activo same source; no followup pendiente o asociación legacy previa; fixture controlado.,authenticated autorizado vía RPC; trigger ejecuta como owner,Pasar a waiting; repetir contexto modificado.,Reusar/actualizar el asunto equivalente; no duplicar; linkage correcto y una continuidad activa.,IDs antes/después; contar active source y pending followups.,ROLLBACK.,PREPARADO — NO EJECUTADO
P1-CONCURRENT-WAIT-SAME-TASK,"DOC05 §18, §89; concurrencia de transición",Base exclusiva desechable; fixture preparado y confirmado en DB para que dos conexiones lo vean; transacción A/B coordinada.,Dos sesiones authenticated con claims de actor autorizado,"En paralelo, invocar pending→waiting en mismo task y luego retry con el mismo evento.",Row lock serializa; una operación crea transición y la otra recibe STATUS_UNCHANGED o respuesta idempotente definida; exactamente un followup pending y una radar activa. No historia duplicada por transición rechazada.,"Logs psql por sesión, timestamps, IDs y conteos; repetition ≥20 runs si el entorno permite.","Limpiar fixture committed con script de teardown/verificación; si falla cleanup, no reutilizar DB.",PREPARADO — NO EJECUTADO
P1-ATOMIC-FAILURE,DOC03 §46; atomicidad Task↔Radar,"Task pending snapshot, sin followup/Radar.",authenticated autorizado,Provocar validación tardía/falla en destino y verificar transición revertida.,"Status, history, followup y Radar quedan todos sin cambios; no hay estado parcial.",Snapshot before/after y código error.,ROLLBACK.,PREPARADO — NO EJECUTADO
P1-LEGACY-STATUS-COMPAT,DOC03 §9; compatibilidad de baseline,Baseline usa enum `waiting_client`/estado `paused` si corresponden; preparar fixture compatible.,authenticated autorizado,Invocar waiting y cargar estado legado paused para lectura.,API/UI presentan seis estados oficiales; almacenamiento legado no filtra etiqueta diferente; transición no rompe enum.,Valor DB y normalización UI/Node; variable de baseline.,ROLLBACK.,PREPARADO — NO EJECUTADO
P1-ANON-ROLE-AUTH,DOC02; función RPC revocada a anon,"Roles anon/authenticated presentes, sesión real SQL `SET LOCAL ROLE anon` en local aislado.",anon no autenticado,Intentar ejecutar RPC/consultar tarea.,No obtiene acceso y no cambia datos. Distinguir fallo EXECUTE privilege de guard `auth.uid` y RLS.,"SQLSTATE/privileges, role real, claims null.",ROLLBACK; revisar grants temporales.,PREPARADO — NO EJECUTADO
P1-POSTROLLBACK-CLEAN,Todos los fixtures y ACL temporal,Tras terminar script en conexión nueva.,DB owner solo para conteo QA,"Buscar título/prefix QA, filas enlazadas, roles/ACL temporales y estado de DB.",Fixtures = 0; grants temporales desaparecidos; baseline reconciliado sin delta.,Conteos y `has_function_privilege`/`has_schema_privilege`; compare baseline.,No cleanup destructivo; prueba con ROLLBACK; solo dedicated DB.,PREPARADO — NO EJECUTADO
