documento,version,sha256,secciones_heading1_verificadas,cantidad_heading1,criterios_formales_registrados,limite
00_VISION_Y_PRINCIPIOS_FINAL.docx,1.3,ec7d6685b78b18dbebcee3fabed40a55e054c353016997c9dbef6e5c4ae64dc1,"1. IDENTIDAD DEL PRODUCTO || 2. PROPÓSITO || 3. PROBLEMA QUE QUEREMOS RESOLVER || 4. VISIÓN CENTRAL || 5. PRINCIPIO CENTRAL DE INTELIGENCIA DEL NEGOCIO || 6. NÚCLEOS Y CAPACIDADES DE INTELIGENCIA || 7. PRINCIPIO DE ASISTENCIA INTELIGENTE || 8. PRINCIPIO DE DECISIÓN HUMANA || 9. PRINCIPIO DE OVERRIDE HUMANO TRAZABLE || 10. PRINCIPIO DE ASISTENCIA ACTIVA || 11. PRINCIPIO DE DATOS REALES || 12. HECHO, INTERPRETACIÓN Y SUGERENCIA || 13. PRINCIPIO DE EXPLICABILIDAD || 14. PRINCIPIO DE PRÓXIMA ACCIÓN || 15. PRINCIPIO DE ANTICIPACIÓN || 16. PRINCIPIO DE CONTINUIDAD || 17. PRINCIPIO DE MEMORIA OPERATIVA EXTERNA || 18. PRINCIPIO DE FUENTE OPERACIONAL DE VERDAD || 19. PRINCIPIO DE SIMPLICIDAD || 20. PRINCIPIO DE EXPERIENCIA AMIGABLE || 21. PRINCIPIO DE INTERVENCIÓN MÍNIMA EFECTIVA || 22. PRINCIPIO DE AYUDA ANTES QUE VIGILANCIA || 23. PRINCIPIO DE MEJORA ANTES QUE CULPABILIZACIÓN || 24. PRINCIPIO DE CONTEXTO ANTES DE JUZGAR || 25. PRINCIPIO DE DESARROLLO DEL COLABORADOR || 26. FORTALEZAS Y ÁREAS DE DESARROLLO || 27. AGENTE DOTS || 28. LÍMITES DE DOTS || 29. PRINCIPIO DE DESARROLLO MEDIBLE || 30. PRINCIPIO DE AUTOMATIZACIÓN || 31. PRINCIPIO DE INTELIGENCIA HÍBRIDA || 32. PRINCIPIO DE SEGURIDAD || 33. PRINCIPIO DE PRIVACIDAD || 34. PRINCIPIO DE HISTORIAL || 35. PRINCIPIO DE TRAZABILIDAD || 36. PRINCIPIO DE ADOPCIÓN || 37. CICLO DE ADOPCIÓN DESEADO || 38. EXPERIENCIA DESEADA DEL COLABORADOR || 39. EXPERIENCIA DESEADA DE GERENCIA || 40. PRINCIPIO DE PRODUCTO INTERNO PRIMERO || 41. VISIÓN COMERCIAL FUTURA || 42. PLATAFORMA MADRE Y APPS HIJAS || 43. VISIÓN A TRES AÑOS || 44. PRINCIPIO DE ESCALABILIDAD ORGANIZACIONAL || 45. PRINCIPIO DE EVOLUCIÓN INCREMENTAL || 46. PRINCIPIO DE VALIDACIÓN ANTES DE PUBLICAR || 47. CÓMO EVALUAR UNA NUEVA FUNCIÓN || 48. PRINCIPIOS NO NEGOCIABLES || 49. ARQUITECTURA DOCUMENTAL VIGENTE || 50. FRASE RECTORA DEL PRODUCTO",50,0,Índice de secciones fuente; no es resultado de aceptación. Los criterios formales mantienen su ID y estado en REQUIREMENTS_TRACEABILITY_00_19_2026-10-08.csv.
01_ARQUITECTURA_Y_SEGURIDAD_FINAL.docx,1.2,25fbf6828d2a3c20297ca53dac6a3593649b5dab19dac7eb49319811fc12e61f,"1. PRINCIPIO GENERAL DE ARQUITECTURA || 2. ARQUITECTURA TECNOLÓGICA ACTUAL || 3. SUPABASE COMO NÚCLEO OPERACIONAL || 4. PRINCIPIO DE DATOS REALES || 5. SEGURIDAD EN CAPAS || 6. SEGURIDAD YA IMPLEMENTADA || 7. PRINCIPIO DE MÍNIMO PRIVILEGIO || 8. USUARIOS Y PERMISOS || 9. EDGE FUNCTION ADMIN-USERS || 10. PRINCIPIO DE AUTORIZACIÓN SERVER-SIDE || 11. AUTENTICACIÓN MULTIFACTOR || 12. CUENTA MAESTRA || 13. PRINCIPIO DE DOS LLAVES || 14. FLUJO DE ACTIVACIÓN MASTER || 15. DURACIÓN DEL PRIVILEGIO MASTER || 16. USO EXCEPCIONAL DEL MASTER || 17. ACCESO TOTAL MASTER || 18. RECUPERACIÓN EXTRAORDINARIA || 19. GESTIÓN DE SESIONES || 20. STEP-UP AUTHENTICATION || 21. CIERRE REMOTO DE SESIONES || 22. AMBIENTES || 23. DEVELOPMENT || 24. STAGING || 25. PRODUCTION || 26. PROMOCIÓN A PRODUCCIÓN || 27. PRINCIPIO DE DEPLOYMENT CONTROLADO || 28. BACKUPS || 29. OBJETIVO DE PÉRDIDA DE DATOS || 30. OBJETIVO DE RECUPERACIÓN || 31. PRUEBAS DE RESTAURACIÓN || 32. AUDITORÍA || 33. AUDITORÍA NO ES REGISTRAR CADA CLIC || 34. EVENTOS SENSIBLES AUDITABLES || 35. AUDITORÍA FINANCIERA || 36. NIVELES DE AUDITORÍA || 37. INTEGRIDAD DEL AUDIT LOG || 38. CONSERVACIÓN DE HISTORIAL || 39. SECRETOS Y CREDENCIALES || 40. INTEGRACIONES EXTERNAS || 41. CONSENTIMIENTO DE INTEGRACIONES || 42. CREDENCIALES INDEPENDIENTES POR INTEGRACIÓN || 43. PERMISOS MÍNIMOS EN OAUTH || 44. REVOCACIÓN || 45. BUSINESS INTELLIGENCE Y CHAT || 46. PRINCIPIO DE USO PROPORCIONAL DEL DATO || 47. BI NO DEBE CONVERTIRSE EN ESPIONAJE || 48. DOTS Y DATOS DE DESARROLLO || 49. PRIVACIDAD POR DISEÑO || 50. IA HÍBRIDA || 51. IA NO PUEDE SUPERAR PERMISOS || 52. PRINCIPIO DE IA DEGRADABLE || 53. MENSAJE DE FALLA DE IA || 54. PROCESAMIENTO EN SEGUNDO PLANO || 55. JOBS PROGRAMADOS || 56. IDEMPOTENCIA || 57. SALUD DEL SISTEMA || 58. ESTADOS DE SALUD || 59. ALERTAS TÉCNICAS || 60. NOTIFICACIONES OBLIGATORIAS || 61. EXPERIENCIA Y SEGURIDAD || 62. PRINCIPIO DE NO SACRIFICAR SEGURIDAD POR UX || 63. ESCALABILIDAD || 64. MODULARIDAD || 65. APPS HIJAS FUTURAS || 66. NO INTRODUCIR APIS PAGAS SIN AUTORIZACIÓN || 67. CONTROL DE DEPENDENCIAS || 68. PROCEDIMIENTO DE CAMBIOS || 69. NO ASUMIR AUSENCIA || 70. MIGRACIONES DE BASE DE DATOS || 71. ELIMINACIONES || 72. CAMBIOS IRREVERSIBLES || 73. EXPORTACIÓN DE DATOS || 74. RETENCIÓN DE INFORMACIÓN || 75. INCIDENTES DE SEGURIDAD || 76. PÉRDIDA DE DISPOSITIVO || 77. CAMBIO DE CONTRASEÑA || 78. PRINCIPIO DE TRAZABILIDAD || 79. PRINCIPIO DE RECUPERABILIDAD || 80. PRINCIPIO DE CONTINUIDAD || 81. PRINCIPIO DE DEPENDENCIA CONTROLADA || 82. CRITERIO PARA NUEVAS INTEGRACIONES || 83. CRITERIO PARA NUEVAS FUNCIONES DE SEGURIDAD || 84. CRITERIOS PREVIOS A PRODUCCIÓN || 85. FINANZAS GERENCIAL COMO CAPA ECONÓMICA FUTURA || 86. CONTRATOS DE DATOS Y VERDAD ECONÓMICA || 87. SEGURIDAD, RATIOS Y ANALÍTICA FINANCIERA || 88. PRINCIPIOS NO NEGOCIABLES DE ARQUITECTURA Y SEGURIDAD || 89. FRASE RECTORA DE ARQUITECTURA",89,0,Índice de secciones fuente; no es resultado de aceptación. Los criterios formales mantienen su ID y estado en REQUIREMENTS_TRACEABILITY_00_19_2026-10-08.csv.
02_USUARIOS_Y_PERMISOS_FINAL.docx,1.2,6d29dc891773daf4de99b4f7586281936bf11be8c1e2cbd15d50bd0e61df35d8,1. PRINCIPIO GENERAL || 2. NOMBRE VISUAL DEL MÓDULO || EQUIPO || 3. EXPERIENCIA SEGÚN TIPO DE USUARIO || 4. FUNCIONALIDAD ACTUAL A PRESERVAR || 5. CREACIÓN DE USUARIOS || 6. MOTIVO DE ESTA RESTRICCIÓN || 7. MANAGE_USERS || 8. ROLES INICIALES || 9. ROL NO ES PERMISO || 10. CARGO || 11. ÁREA || 12. SUPERVISOR DIRECTO || 13. PRINCIPIO DE UN RESPONSABLE PRINCIPAL || 14. ESTRUCTURA DE DIRECCIÓN || 15. USUARIOS DE DIRECCIÓN || 16. PERFIL PROFESIONAL || 17. FOTOGRAFÍA || 18. ESPECIALIDAD || 19. FORTALEZAS || 20. ÁREAS QUE DESEA FORTALECER || 21. VISIBILIDAD DE FORTALEZAS || 22. VISIBILIDAD DE ÁREAS A FORTALECER || 23. INFORMACIÓN DE CONTACTO || 24. ÚLTIMA ACTIVIDAD || 25. LO QUE NO DEBE MOSTRARSE || 26. ESTADOS DEL COLABORADOR || 27. ELIMINACIÓN || 28. CONSERVACIÓN DE HISTORIAL || 29. PERMISOS ACTUALES || 30. PERMISOS POR CATEGORÍA VISUAL || 31. PERMISOS BASE POR ROL || 32. EXCEPCIONES DE USUARIO || 33. PERMISOS SENSIBLES || 34. INFORMACIÓN FINANCIERA || 35. SECRETO FINANCIERO INTERNO || 36. AMPLIACIÓN FUTURA DE FINANZAS || 36A. DATOS COMERCIALES MONETARIOS VS. INFORMACIÓN FINANCIERA GERENCIAL || 37. BI GLOBAL || 38. CREACIÓN Y MODIFICACIÓN DE PERMISOS || 39. CAMBIO DE CARGO Y ÁREA || 40. DISEÑO VISUAL DEL MÓDULO || 41. PRINCIPIO VISUAL CENTRAL || 42. DIRECTORIO DEL EQUIPO || 43. TARJETAS DE PERSONAS || 44. INTERACCIÓN VISUAL || 45. PERFIL INDIVIDUAL || 46. PESTAÑAS DEL PERFIL || 47. RESUMEN || 48. ACTIVIDAD || 49. ACCESOS || 50. PRIMER INGRESO || BIENVENIDO A GESTIÓN eQUANTUM || 51. EXPERIENCIA DE ONBOARDING || 52. CONTRASEÑA INICIAL || 53. PRESENTACIÓN DE DOTS || 54. DOTS || 55. DIFERENCIA ENTRE eQ Y DOTS || 56. PERFIL DE DESARROLLO || 57. ÁREA PRIORITARIA DE DESARROLLO || 58. PRINCIPIO DE DOBLE PROFUNDIZACIÓN || 59. PRIMERA PREGUNTA || 60. SEGUNDA PREGUNTA ADAPTATIVA || 61. EJEMPLO — ORGANIZACIÓN || 62. EJEMPLO — SEGUIMIENTO || 63. EJEMPLO — ESTIMACIÓN || 64. TERCERA PREGUNTA || 65. PRINCIPIO DE COMPRENDER ANTES DE ACONSEJAR || 66. ESTILO DE ACOMPAÑAMIENTO || 67. ADAPTACIÓN || 68. BIENVENIDA DIARIA PERSONALIZADA || 69. FRASE MOTIVACIONAL || 70. BIBLIOTECA VALIDADA DE FRASES || 71. PERSONALIZACIÓN DE FRASES || 72. NO RECORDAR PERMANENTEMENTE LA DEBILIDAD || 73. IMÁGENES INSPIRADORAS || 74. RELACIÓN ENTRE IMAGEN Y OBJETIVO || 75. DOTS NO DEBE SER PESADO || 76. DOTS DEBE RECONOCER LOGROS || 77. PRINCIPIO DE RECONOCIMIENTO || 78. MI DESARROLLO || MI DESARROLLO || 79. OBJETIVOS DE DESARROLLO || 80. DESARROLLO MEDIBLE || 81. DOTS NO DIAGNOSTICA || 82. INFORMACIÓN DE DOTS || 83. CAPACIDAD MASTER || 84. EXPERIENCIA DE DANIEL Y DERLIS || 85. SEGURIDAD VISUAL || 86. COLORES DE ESTADO || 87. PRINCIPIO DE EXPERIENCIA EMOCIONAL || 88. PRINCIPIO DE ENAMORAMIENTO DEL PRODUCTO || 89. MICROINTERACCIONES || 90. MENSAJES HUMANOS || 91. CREACIÓN DE USUARIO — EXPERIENCIA MASTER || 92. FLUJO DE CREACIÓN || 93. FLUJO DE DESVINCULACIÓN || 94. FLUJO DE SUSPENSIÓN || 95. REACTIVACIÓN || 96. PERMISOS Y AUDITORÍA || 97. NO HEREDAR PERMISOS PELIGROSOS AUTOMÁTICAMENTE || 98. PRINCIPIO DE MENOR EXPOSICIÓN || 99. PREPARACIÓN PARA 50 COLABORADORES || 100. PRINCIPIOS NO NEGOCIABLES || 101. FRASE RECTORA DEL MÓDULO,105,0,Índice de secciones fuente; no es resultado de aceptación. Los criterios formales mantienen su ID y estado en REQUIREMENTS_TRACEABILITY_00_19_2026-10-08.csv.
03_TAREAS_FINAL.docx,1.3,5d40a9e957a01b46845a04285fb6b9fce8464cad1996264cfd385f07d20f0203,"1. PROPÓSITO || 2. PRINCIPIO RECTOR || 3. DISTRIBUCIÓN DE RESPONSABILIDADES || 4. EXPERIENCIA DE USUARIO || 5. PRINCIPIO DE CAPTURA MÍNIMA || 6. REVELACIÓN PROGRESIVA || 7. UNA TAREA DEBE SER ACCIONABLE || 8. RESPONSABLE PRINCIPAL || 9. ESTADOS OFICIALES || 10. MÁQUINA OFICIAL DE ESTADOS || 11. POR HACER || 12. EN CURSO || 13. ESPERANDO VS. BLOQUEADA || 14. REGLAS DE ESPERA || 15. REGLAS DE BLOQUEO || 16. ESPERAR NO ES ESTAR BLOQUEADO || 17. COMPLETADA || 18. ACCIÓN VS. RESULTADO || 19. CIERRE + SEGUIMIENTO || 20. CUÁNDO VA A RADAR || 21. CUÁNDO CREAR UNA NUEVA TAREA || 22. CIERRE INTELIGENTE || 23. REAPERTURA || 24. CANCELADA || 25. FECHAS || 26. ESTIMACIÓN || 27. SIN CRONÓMETRO OBLIGATORIO || 28. IA Y PLAZOS || 29. CUATRO CONCEPTOS QUE NO DEBEN CONFUNDIRSE || 30. PRIORIDAD OPERACIONAL || 31. PRIORIDAD NO DEBE SER UNA ADIVINANZA || 32. PRIORIDAD CALCULADA VS. OVERRIDE || 33. ATENCIÓN NO ES PRIORIDAD || 34. RESULTADO BUSCADO || 35. NORTE eQUANTUM || NUESTRO NORTE || 36. PROPIEDAD DEL NORTE || 37. CADENA DE ALINEACIÓN || 38. NO TODA TAREA ES ESTRATÉGICA || 39. TIPOS DE CONTRIBUCIÓN || 40. PROCEDENCIA DEL DATO || 41. DEPENDENCIAS || 42. DEPENDENCIAS CIRCULARES || 43. SUBTAREAS || 44. TAREAS RECURRENTES || 45. ACTUALIZACIONES || 46. HISTORIAL || 47. REPROGRAMACIÓN || 48. USUARIO AUSENTE || 49. USUARIO DESVINCULADO || 50. PROYECTO CERRADO || 51. CAPACIDAD DISPONIBLE || 52. SEÑALES DE CAPACIDAD || 53. ESTADOS DE CAPACIDAD || 54. CAPACIDAD ES RELATIVA A LA ACCIÓN || 55. LOS 8 LENTES DE EFECTIVIDAD || 56. LOS 8 LENTES NO VOTAN || 57. JERARQUÍA DE ARBITRAJE || 58. MOTOR ÚNICO NBA || NBA ENGINE || 59. UN SOLO MOTOR, DISTINTAS SUPERFICIES || 60. SUPERFICIE: CONVIENE EMPEZAR POR || 61. SUPERFICIE: ¿DÓNDE GENERO VALOR? || 💡 ¿Dónde genero valor? || 62. MOMENTOS DE ACTIVACIÓN || 63. PIPELINE DEL NBA || 64. FUENTES DEL NBA || 65. NBA DEBE EVITAR DUPLICADOS || 66. MOTOR DE EFICACIA Y PROACTIVIDAD || MOTOR DE EFICACIA Y PROACTIVIDAD || 67. PRINCIPIO RECTOR DEL MOTOR || 68. DEFINICIÓN DE GENERAR VALOR || 69. GENERAR VALOR POR ÁREA || 70. MENTALIDAD COMERCIAL || 71. COMERCIAL NO DESPLAZA TODO || 72. DOTS COMO COACH || 73. CUESTIONAR PASIVIDAD || 74. MIENTRAS ESPERAMOS || 75. DOTS PUEDE DESCUBRIR NUEVO TRABAJO || 76. EXPLICABILIDAD || 77. FORMAR CRITERIO || 78. PRINCIPIO DE INICIATIVA || 79. NO GENERAR DEPENDENCIA DE IA || 80. DOBLE PROFUNDIZACIÓN || 81. RECONOCIMIENTO || 82. PROACTIVIDAD MEDIBLE || 83. EFICACIA NO ES HIPERACTIVIDAD || 84. ESTANCAMIENTO || 85. CONTROL DE MOLESTIA || 86. PRINCIPIO DE INTERVENCIÓN MÍNIMA || 87. IA ACTIVA SIN IA GENERATIVA PERMANENTE || 88. EVENTOS QUE PUEDEN ACTIVAR ANÁLISIS || 89. CONSEJO CONTEXTUAL || 90. SOLICITAR NUEVA PRIORIDAD || 91. INTERFAZ PRINCIPAL || 92. ENCABEZADO || 93. NORTE VISIBLE || 94. CONTRIBUCIÓN VISIBLE || 95. ACCIONES RÁPIDAS || 96. PANEL LATERAL || 97. MÁS DETALLES || 98. VISIBILIDAD Y PERMISOS || 99. REASIGNACIÓN || 100. ELIMINACIÓN || 101. TAREAS Y BI || 102. BI NO DEBE MEDIR SOLO CANTIDAD || 103. TRABAJO EN CURSO || 104. CUELLOS DE BOTELLA || 105. FALLBACK SIN IA GENERATIVA || 106. PRINCIPIO DE ADOPCIÓN || 107. PRINCIPIO DE SEGUIMIENTO || 108. PRINCIPIO DE EFICACIA || 109. PRINCIPIO DE CONTINUIDAD || 110. PRINCIPIO DE DESARROLLO || 111. CICLO DE INTELIGENCIA || 112. INVARIANTES DEL MÓDULO || 113. RESULTADO DESEADO || 114. FRASE RECTORA FINAL",118,0,Índice de secciones fuente; no es resultado de aceptación. Los criterios formales mantienen su ID y estado en REQUIREMENTS_TRACEABILITY_00_19_2026-10-08.csv.
04_TRIAGE_FINAL.docx,1.1,c0a3429789860faa689b2d002a250e2531eb4aa66a11795ac4cf579430699857,"1. PROPÓSITO || 2. RESPONSABILIDAD EXCLUSIVA || 3. LINDEROS CON LOS DEMÁS COMPONENTES || 4. TRIAGE DEBE FUNCIONAR DESDE EL DÍA 1 || 5. PRINCIPIO DE PROPORCIONALIDAD || 6. DE PRIORIZAR TAREAS A PRIORIZAR SITUACIONES OPERACIONALES || 7. SITUACIÓN OPERACIONAL || 8. NO DOBLE CONTEO || 9. PROCEDENCIA DE UNA SITUACIÓN AGRUPADA || 10. CUATRO DIMENSIONES QUE NO DEBEN CONFUNDIRSE || 11. PRIORIDAD OPERACIONAL CANÓNICA || 12. ÍNDICE INTERNO DE PRIORIDAD || 13. CATEGORÍAS HUMANAS || 14. PROFUNDIDAD VISUAL DENTRO DE CRÍTICA || 15. EL VALOR 100 || 16. CRITICIDAD NO ES UNA CUOTA || 17. SI TODO PARECE CRÍTICO || 18. SEÑALES DE ENTRADA || 19. PRIORIDAD NO ES URGENCIA || 20. PRIORIDAD NO ES RIESGO || 21. PRIORIDAD NO ES ATENCIÓN || 22. CONTROL || 23. CRÍTICA BAJO CONTROL || 24. CRÍTICA SIN CONTROL || 25. ALERTAS ACCIONABLES || 26. PÉRDIDA DE CONTROL || 27. TRIAGE Y TAREAS || 28. TRIAGE Y TICKETS || 29. TRIAGE Y RADAR || 30. TRIAGE Y NBA || 31. TRIAGE Y DOTS || 32. FLUJO TRIAGE → DOTS → USUARIO → TRIAGE || 33. TRIAGE Y eQ || 34. TRIAGE Y BI || 35. TRIAGE Y CLIENTES || 36. TRIAGE Y PROYECTOS || 37. TRIAGE Y PERMISOS || 38. CAPACIDAD || 39. DEPENDENCIAS Y EFECTO DOMINÓ || 40. COMPROMISOS || 41. CLIENTE ESPERANDO || 42. ANTIGÜEDAD || 43. ESTRATEGIA Y NORTE eQUANTUM || 44. PROTECCIÓN Y CRECIMIENTO || 45. OPORTUNIDADES POSITIVAS TAMBIÉN PUEDEN SER PRIORITARIAS || 46. AUSENCIAS || 47. TRIAGE PRIORIZA TRABAJO, NO PERSONAS || 48. JERARQUÍA DE DECISIÓN || 49. SISTEMA HÍBRIDO, NO FÓRMULA CIEGA || 50. CONFIANZA DEL ANÁLISIS || 51. INFORMACIÓN INSUFICIENTE || 52. EXPLICABILIDAD || 53. EMPATES REALES || 54. EMPATE CON RIESGO INMEDIATO || 55. OVERRIDE HUMANO || 56. INTERVENCIÓN ESCALONADA || 57. RECÁLCULO || 58. PRINCIPIO DE ESTABILIDAD || 59. TRIAGE SIN IA GENERATIVA || 60. IA COMO APOYO A TRIAGE || 61. PERCEPCIÓN OPERACIONAL || 62. USO DEL ROJO || 63. VISTA PERSONAL || 64. VISTA DE ÁREA || 65. VISTA DE DIRECCIÓN — TORRE DE CONTROL || 66. TRIAGE POR EXCEPCIÓN || 67. TRIAGE DEBE AYUDAR A DECIDIR A GRAN ESCALA || 68. PRINCIPIO DE CLARIDAD, NO ANSIEDAD || 69. TRAZABILIDAD || 70. EVENTOS QUE PUEDEN PROVOCAR RECÁLCULO || 71. CASOS DE AUDITORÍA FUNCIONAL || 72. INVARIANTES NO NEGOCIABLES || 73. FRASES RECTORAS || 74. CIERRE",74,0,Índice de secciones fuente; no es resultado de aceptación. Los criterios formales mantienen su ID y estado en REQUIREMENTS_TRACEABILITY_00_19_2026-10-08.csv.
05_RADAR_SEGUIMIENTO_FINAL.docx,1.1,595e98480d86743cf4b1afafc669da44d7037da69541a76e71a63e7c3876c573,1. PROPÓSITO || 2. RESPONSABILIDAD EXCLUSIVA || 3. LINDEROS CON LOS DEMÁS COMPONENTES || 4. CUATRO PILARES DE RADAR || 5. CONCEPTO DE BUCLE ABIERTO || 6. RADAR NO ES UN CALENDARIO AVANZADO || 7. RADAR TAMPOCO ES TRIAGE || 8. RADAR TAMPOCO ES NBA || 9. FUENTES QUE PUEDEN ALIMENTAR RADAR || 10. CUÁNDO UNA TAREA DEBE ALIMENTAR RADAR || 11. CUÁNDO UN TICKET DEBE ALIMENTAR RADAR || 12. SEGUIMIENTO TEMPORAL || 13. VIGILANCIA POR CONDICIÓN O EVENTO || 14. CONDICIÓN + FECHA DE SEGURIDAD || 15. CONTEXTO MÍNIMO DE UN SEGUIMIENTO || 16. CREACIÓN AUTOMÁTICA DE SEGUIMIENTOS || 17. CREACIÓN MANUAL || 18. NO DUPLICAR SEGUIMIENTOS || 19. SALUD DE CONTINUIDAD || 20. PROTEGIDO || 21. REQUIERE REVISIÓN || 22. DESPROTEGIDO || 23. ESCALADO || 24. CERRADO || 25. ESTADO DE ORIGEN Y ESTADO DE RADAR SON DIFERENTES || 26. ALERTAS ACCIONABLES || 27. RECONOCER NO ES RESOLVER || 28. SUPRESIÓN DE ALERTAS Y FATIGA || 29. HORARIOS TRANQUILOS || 30. PREALERTAS Y ANTICIPACIÓN || 31. REPROGRAMACIÓN Y POSPOSICIÓN || 32. ESCALAMIENTO OPERATIVO || 33. ESCALAMIENTO RESPETA PERMISOS || 34. RESPONSABLE DE CONTINUIDAD VS. EJECUTOR || 35. AUSENCIAS Y COBERTURA || 36. REGRESO DESPUÉS DE UNA AUSENCIA || 37. CONSOLIDACIÓN DE SEGUIMIENTOS RELACIONADOS || 38. EVITAR DOBLE CONTEO || 39. DEUDA DE SEGUIMIENTO || 40. SEGUIMIENTOS ZOMBIES || 41. RADAR POR EXCEPCIÓN || 42. RADAR EN UNA EMPRESA PEQUEÑA || 43. RADAR A GRAN ESCALA || 44. CONTINUIDAD POR CLIENTE || 45. CAPACIDAD Y COBERTURA OPERACIONAL || 45A. EXPOSICIÓN FUTURA OPERACIONAL VS. PROYECCIÓN ANALÍTICA || 46. LA UNIDAD DE CAPACIDAD ES TIEMPO || 47. CAPACIDAD NOMINAL VS. CAPACIDAD PLANIFICABLE || 48. RESERVA OPERATIVA HUMANA || 49. ESTIMACIÓN POR CATEGORÍA Y TIPO DE TAREA || 50. JERARQUÍA DE FUENTES PARA ESTIMAR TIEMPO || 51. RANGOS EN VEZ DE FALSA PRECISIÓN || 52. PROMEDIO NO ES SUFICIENTE || 53. CONFIANZA DE LA ESTIMACIÓN || 54. TIEMPO TRANSCURRIDO NO ES ESFUERZO EFECTIVO || 55. CAPTURA DE ESFUERZO SIN VIGILANCIA || 56. VISUALIZACIÓN DEL TIEMPO ESTIMADO EN TAREAS || 57. TIEMPO ESTIMADO VS. PLAZO || 58. DATOS PERSONALES VISIBLES PARA EL PROPIO USUARIO || 59. NO MOTIVAR SOLO CON VELOCIDAD || 60. RADAR DE CAPACIDAD PERSONAL || 61. CAPACIDAD POR ÁREA Y ESPECIALIDAD || 62. PUNTO ÚNICO DE CAPACIDAD || 63. CAPACIDAD FUTURA || 64. CARGA COMPROMETIDA VS. CARGA PROBABLE || 65. RIESGO DE CAPACIDAD || 66. ALERTA GERENCIAL ANTES DE PROMETER || 67. SIMULACIÓN DE NUEVOS COMPROMISOS || 68. CAPACIDAD DE SERVICIO POR CLIENTE || 69. LÍMITE SOSTENIBLE DE CLIENTES || 70. BI COMO MOTOR DE APRENDIZAJE DE TIEMPOS Y CAPACIDAD || 71. DOTS DEBE TRABAJAR CON ESTOS DATOS || 72. DOTS NO CREA MÉTRICAS PARALELAS || 73. DATOS OPERATIVOS VS. CONTENIDO PRIVADO DE DOTS || 74. VISIBILIDAD GERENCIAL DE CAPACIDAD || 75. NO RANKING PUNITIVO DE PERSONAS || 76. RADAR Y TRIAGE || 77. TRIAGE Y RADAR EN UNA SITUACIÓN BAJO CONTROL || 78. RADAR Y NBA || 79. RADAR Y eQ || 80. RADAR Y BUSINESS INTELLIGENCE || 81. RADAR Y CLIENTES || 82. RADAR Y PROYECTOS || 83. MULTICANAL || 84. RADAR FUNCIONA SIN NAVEGADOR ABIERTO || 85. FUNCIONAMIENTO SIN IA GENERATIVA || 86. PROCEDENCIA Y CERTEZA || 87. PERMISOS Y PRIVACIDAD || 88. HISTORIAL Y TRAZABILIDAD || 89. RECALCULO E IDEMPOTENCIA || 90. ESTABILIDAD || 91. RADAR NO VIGILA PERSONAS || 92. PRINCIPIO DE PROPORCIONALIDAD || 93. EJEMPLO — 1.000 CLIENTES Y 5.500 TAREAS || 94. EJEMPLO — CAPACIDAD PERSONAL || 95. EJEMPLO — NEGOCIACIÓN COMERCIAL || 96. EJEMPLO — SEGUIMIENTO BAJO CONTROL || 97. EJEMPLO — CLIENTE EN ESPERA || 98. EJEMPLO — AUSENCIA || 99. CASOS DE AUDITORÍA OBLIGATORIOS || 100. INVARIANTES NO NEGOCIABLES || 101. ALINEACIONES DOCUMENTALES A CONSERVAR || 102. FRASES RECTORAS || 103. CIERRE,104,0,Índice de secciones fuente; no es resultado de aceptación. Los criterios formales mantienen su ID y estado en REQUIREMENTS_TRACEABILITY_00_19_2026-10-08.csv.
06_EQ_ASISTENTE_DE_DECISION_FINAL.docx,1.4,80f59e65cae5f7575bb505898b4e29267c96eda458dfe418ce57aafa7a2e7598,"1. PROPÓSITO || 2. IDENTIDAD Y NOMBRE || 3. PRINCIPIO RECTOR || 4. RESPONSABILIDAD EXCLUSIVA || 5. LINDEROS CON LOS DEMÁS COMPONENTES || 6. eQ COMO NAVEGADOR DE DECISIONES || 7. OCHO CAPACIDADES PRINCIPALES || 8. OBSERVAR SIN CONSULTAR TODO || 9. SINTETIZAR || 10. EXPLICAR || 11. RELACIONAR SIN INVENTAR CAUSALIDAD || 12. REENFOCAR || 13. PREGUNTAS DE ALTO VALOR || 14. ORIENTACIÓN DE INVESTIGACIÓN || 15. RUTA DE RESOLUCIÓN || 16. HECHO, INTERPRETACIÓN, HIPÓTESIS, RECOMENDACIÓN Y DECISIÓN || 17. PROCEDENCIA || 18. CERTEZA Y DESCONOCIMIENTO || 19. LA MEJOR SOLUCIÓN DEPENDE DEL OBJETIVO || 20. CRITERIOS Y RESTRICCIONES || 21. INTELIGENCIA COMERCIAL || 22. DIAGNÓSTICO DEL EMBUDO COMERCIAL || 23. INTELIGENCIA OPERACIONAL || 24. INTELIGENCIA DE CLIENTES || 25. CAPACIDAD Y NEGOCIACIÓN || 26. TRIAGE Y eQ || 27. RADAR Y eQ || 28. NBA Y eQ || 29. DOTS Y eQ || 30. BUSINESS INTELLIGENCE Y eQ || 31. FINANZAS GERENCIAL, BUSINESS INTELLIGENCE Y eQ || 32. CLIENTES, TICKETS Y PROYECTOS || 33. PERMISOS ANTES QUE INTELIGENCIA || 34. MÍNIMO DATO NECESARIO || 35. COMUNICACIÓN MULTIFORMATO || 36. REPRESENTACIÓN GRÁFICA || 37. VER DE DÓNDE SALE ESTO || 38. TRES HORIZONTES || 39. SIMULACIONES “¿QUÉ PASA SI...?” || 40. COMPARACIÓN DE ALTERNATIVAS || 41. eQ PUEDE DECIR “NO SÉ” || 42. DETECCIÓN DE CONTRADICCIONES || 43. ANOMALÍA NO EQUIVALE A PROBLEMA || 44. OPORTUNIDADES || 45. BRIEF eQ || 46. BANDEJA DE DECISIONES || 47. UNA DECISIÓN NO ES UNA TAREA || 48. CIERRE DEL CICLO DE DECISIÓN || 49. MEMORIA DE DECISIONES || 50. OVERRIDE HUMANO || 51. ACCIONES DESDE eQ || 52. eQ NO MODIFICA PRIORIDAD POR RAZONAMIENTO OCULTO || 53. eQ NO MODIFICA CONTINUIDAD POR RAZONAMIENTO OCULTO || 54. eQ NO CREA MÉTRICAS PARALELAS A BI || 55. ARQUITECTURA HÍBRIDA || 56. DEGRADACIÓN SIN IA GENERATIVA || 57. PROACTIVIDAD CONTROLADA || 58. eQ DEBE SABER CALLARSE || 59. TONO || 60. SIMPLE POR FUERA, INTELIGENTE POR DENTRO || 61. eQ PARA COLABORADORES || 62. eQ PARA RESPONSABLES DE ÁREA || 63. eQ PARA GERENCIA || 64. PROPORCIONALIDAD || 65. EJEMPLO — COMERCIAL || 66. EJEMPLO — CAPACIDAD Y VENTA || 67. EJEMPLO — PREGUNTA EQUIVOCADA || 68. EJEMPLO — FALTA DE INFORMACIÓN || 69. EJEMPLO — CONTRADICCIÓN || 70. EJEMPLO — OPORTUNIDAD || 71. EJEMPLO — DECISIÓN Y APRENDIZAJE || 72. eQ ES UNA CAPA TRANSVERSAL, NO UN DESTINO DE MENÚ || 73. eQ EN TAREAS || 74. eQ EN OTRAS PANTALLAS || 75. BUSINESS INTELLIGENCE COMO ESPACIO ANALÍTICO VISIBLE || 76. ENRUTAMIENTO TRANSPARENTE DE PREGUNTAS || 77. RIESGOS DE DISEÑO QUE DEBEN EVITARSE || 78. AUDITORÍA OBLIGATORIA DE CASOS || 79. INVARIANTES NO NEGOCIABLES || 80. FRASES RECTORAS || 81. CIERRE",81,0,Índice de secciones fuente; no es resultado de aceptación. Los criterios formales mantienen su ID y estado en REQUIREMENTS_TRACEABILITY_00_19_2026-10-08.csv.
07_BUSINESS_INTELLIGENCE_FINAL.docx,1.1,a4881c97fbe514af9e8b87696547ddd495fc2b3b726c18e2d2e10fd2eb030610,"1. PROPÓSITO || 2. PRINCIPIO RECTOR || 3. RESPONSABILIDAD EXCLUSIVA || 4. LINDEROS CON LOS DEMÁS COMPONENTES || 5. BUSINESS INTELLIGENCE NO ES UN DASHBOARD || 6. EXPERIENCIA VISIBLE || 7. RESUMEN EJECUTIVO || 8. FUENTES Y VERDAD OPERACIONAL || 9. GOBERNANZA DE MÉTRICAS || 10. CALIDAD DE DATOS || 11. COMPARATIVOS || 12. VALOR ABSOLUTO Y VARIACIÓN RELATIVA || 13. ESTACIONALIDAD || 14. NIVEL, CAMBIO, TENDENCIA Y ESTABILIDAD || 15. BI DISCOVERY — MOTOR DE DESCUBRIMIENTOS || 16. HALLAZGO BI || 17. TIPOS DE DESCUBRIMIENTO || 18. RELEVANCIA ANALÍTICA NO ES PRIORIDAD OPERACIONAL || 19. FILTRO DE RELEVANCIA || 20. CONSOLIDACIÓN DE HALLAZGOS || 21. ANÁLISIS AUTOMÁTICO POR DIMENSIONES || 22. CAUSALIDAD Y NIVELES DE CERTEZA || 23. COMENTARIO DE INTELIGENCIA BI || 24. OPINIÓN DE BI || 25. BI CONVERSACIONAL || 26. CENTRO DE REPORTES || 27. TIPOS DE REPORTE || 28. ESTRUCTURA DE UN REPORTE || 29. REPORTES GRÁFICOS || 30. EXPLICACIÓN DEL GRÁFICO || 31. PREDICCIÓN Y PROYECCIÓN || 32. LEADING INDICATORS || 33. TIEMPOS Y CAPACIDAD || 34. CALIDAD VS. VELOCIDAD || 35. PERSONAS Y DESEMPEÑO || 36. COMPARACIÓN PERSONAL || 37. INTELIGENCIA COMERCIAL || 37A. VENTA RÁPIDA COMO DIMENSIÓN ANALÍTICA || 38. CLIENTES, SERVICIOS Y TICKETS || 39. CRECIMIENTO SOSTENIBLE || 40. REPORTE DEL RUMBO DE LA EMPRESA || 41. RELACIÓN CON TRIAGE || 42. RELACIÓN CON RADAR || 43. RELACIÓN CON DOTS || 44. RELACIÓN CON NBA || 45. RELACIÓN CON eQ || 46. FINANZAS GERENCIAL — LINDERO Y COLABORACIÓN || 47. RATIOS FINANCIEROS || 48. BI DENTRO DE FINANZAS || 49. DISCOVERY FINANCIERO || 50. FINANZAS + BI + eQ || 51. DEGRADACIÓN Y DEPENDENCIAS || 52. PERMISOS FINANCIEROS || 53. SEGURIDAD Y PRIVACIDAD ANALÍTICA || 54. INTELIGENCIA HÍBRIDA || 55. ESCALA Y DRILL-DOWN || 56. REPORTES PERIÓDICOS Y AD HOC || 57. EXPORTACIÓN || 58. TRAZABILIDAD DE CONCLUSIONES || 59. MEMORIA ANALÍTICA || 60. AUDITORÍA OBLIGATORIA DE CASOS || 61. INVARIANTES NO NEGOCIABLES || 62. FRASES RECTORAS || 63. CIERRE",64,0,Índice de secciones fuente; no es resultado de aceptación. Los criterios formales mantienen su ID y estado en REQUIREMENTS_TRACEABILITY_00_19_2026-10-08.csv.
08_CLIENTES_Y_VENTAS_FINAL.docx,1.1,7960c41c232179c9fcd065874783063fa743f6dd63fbb5f61b2bf57248db2450,"0. DOCUMENTOS RECTORES Y NOMENCLATURA || 1. PROPÓSITO GENERAL || 2. CUATRO SUBMÓDULOS VISIBLES || 3. FLUJO COMERCIAL PRINCIPAL || 4. FUENTE DE VERDAD Y PROPIEDAD DE DATOS || 5. PRINCIPIO DE CARGA MÍNIMA || 6. PROSPECTOS — IDENTIDAD || 7. QUIÉN PUEDE REFERIR UN PROSPECTO || 8. EMPRESA, PERSONA Y CONTACTOS || 9. NECESIDAD Y TIPO DE TRABAJO SOLICITADO || 10. ORIGEN DEL PROSPECTO || 11. RESPONSABLE Y SIN ASIGNAR || 12. VOZ DEL CLIENTE Y PERCEPCIÓN COMERCIAL || 13. VISTA PRINCIPAL DE PROSPECTOS || 14. IMPORTACIÓN MASIVA || 15. DEDUPLICACIÓN || 16. ESTADOS DE PROSPECTO || 17. PROSPECTO PAUSADO / DORMIDO || 18. BAJA DE PROSPECTO || 19. DEFINICIÓN DE OPORTUNIDAD || 20. CRITERIOS MÍNIMOS DE CALIFICACIÓN || 21. CALIFICACIÓN ASISTIDA || 22. CONVERSIÓN PROSPECTO → OPORTUNIDAD || 23. OPORTUNIDADES — PROPÓSITO || 24. UNA OPORTUNIDAD = UN NEGOCIO CONCRETO || 25. ETAPAS COMERCIALES || 26. DATOS CENTRALES DE LA OPORTUNIDAD || 27. VALORES ECONÓMICOS DE OPORTUNIDAD || 28. TIPO DE INGRESO Y RECURRENCIA || 29. MULTIMONEDA || 30. FECHAS COMERCIALES || 31. MOTIVOS DE ESPERA / CONDICIONES DE AVANCE || 32. CONTINUIDAD Y RADAR || 33. PROPUESTAS Y VERSIONADO || 34. RESULTADO DE CONTACTO / REUNIÓN || 35. MAPA DE DECISIÓN DEL CLIENTE || 36. QUÉ FALTA PARA AVANZAR || 37. RESPONSABLES Y VENTA EN EQUIPO || 38. OPORTUNIDAD PERDIDA || 39. OPORTUNIDAD PAUSADA || 40. FILTROS Y ESCALA DE OPORTUNIDADES || 41. OPORTUNIDAD GANADA || 42. VENTAS — IDENTIDAD || 43. FOTOGRAFÍA DEL CIERRE || 44. COMPOSICIÓN DE LA VENTA || 45. CONDICIONES COMERCIALES || 46. VENDIDO, FACTURADO Y COBRADO || 47. FACTURACIÓN || 48. IDENTIDAD FISCAL MAESTRA || 49. IMPUESTOS Y CÁLCULOS DETERMINÍSTICOS || 50. COMISIONES || 51. RESPONSABLES DE LA VENTA || 52. DESCUENTO EFECTIVO || 53. INGRESO RECURRENTE || 54. RENTABILIDAD Y CALIDAD DE LA VENTA || 55. COMPROMISOS DEL CIERRE — QUÉ PROMETIMOS || 56. TRANSFERENCIA A OPERACIÓN || 57. ESTADOS COMERCIALES DE LA VENTA || 58. CONVERSIÓN A CLIENTE || 59. ANULACIONES, DEVOLUCIONES Y REVERSOS || 60. CLIENTES — PROPÓSITO || 61. FICHA DEL CLIENTE || 62. ESTADO DE RELACIÓN VS. SEGMENTACIÓN DE CARTERA || 63. CLIENTE PREMIUM / ESTRATÉGICO / OCASIONAL || 64. NUEVAS OPORTUNIDADES DESDE CLIENTES || 65. INTEGRACIÓN CON TICKETS || 66. HABILITACIÓN DE TICKETS || 67. TICKET VINCULADO A CLIENTE / VENTA / SERVICIO || 68. COBERTURA Y TICKET FUERA DE ALCANCE || 69. TICKETS, TAREAS, RADAR Y TRIAGE || 70. DOTS EN 08 — ALCANCE CORRECTO || 71. eQ EN CLIENTES Y VENTAS || 72. BUSINESS INTELLIGENCE Y 08 || 73. FINANZAS GERENCIAL — CONTRATO FUTURO || 74. FINANZAS Y RATIOS || 75. PERMISOS Y EXPOSICIÓN || 76. AUDITORÍA Y CAMBIOS SENSIBLES || 77. CALIDAD DE DATOS || 78. BUSCADOR Y EXPERIENCIA A ESCALA || 79. DEGRADACIÓN SIN IA GENERATIVA || 80. ESCENARIOS DE AUDITORÍA OBLIGATORIA || 81. INVARIANTES NO NEGOCIABLES || 82. RESULTADO FINAL",83,0,Índice de secciones fuente; no es resultado de aceptación. Los criterios formales mantienen su ID y estado en REQUIREMENTS_TRACEABILITY_00_19_2026-10-08.csv.
09_TICKETS_FINAL.docx,1.3,77b1f389b39cd8656cd9e979aaf51503df5f8bf9b126641049f552282ef3291f,"1. PORTAL DEL CLIENTE || 2. CREACIÓN DE TICKET || 3. ADJUNTAR IMÁGENES || 4. RECEPCIÓN DEL TICKET || 5. TICKET SIN ASIGNAR || 6. RESPONSABLE DEL TICKET || 7. ESTADOS DEL TICKET || 8. SIGNIFICADO DE LOS ESTADOS || 9. RESUELTO NO ES CERRADO || 10. CONVERSACIÓN || 11. HISTORIAL || 12. TICKET NO ES TAREA || 13. CREAR TAREA DESDE TICKET || 14. UN TICKET PUEDE GENERAR VARIAS TAREAS || 15. EVITAR DUPLICADOS CORRECTAMENTE || 16. INFORMACIÓN QUE PASA A LA TAREA || 17. PRIORIDAD: CORRECCIÓN IMPORTANTE || 18. IDENTIFICAR CLIENTE EN TAREAS || 19. RELACIÓN CON RADAR || 20. TAREA COMPLETADA NO RESUELVE AUTOMÁTICAMENTE EL TICKET || 21. FLUJO DESPUÉS DE COMPLETAR UNA TAREA || 22. RELACIÓN CON TRIAGE || 23. RELACIÓN CON NBA || 24. RELACIÓN CON DOTS || 25. RELACIÓN CON eQ || 26. RELACIÓN CON BUSINESS INTELLIGENCE || 27. BI DEBE BUSCAR CAUSAS || 28. PERMISOS || 29. CLIENTE Y PERMISOS || 30. SEGURIDAD || 31. INTEGRACIÓN CON CLIENTES || 31A. VENTA, SERVICIO ACTIVO Y COBERTURA || 31B. TICKET FUERA DE ALCANCE → POSIBLE OPORTUNIDAD || 32. FLUJO OPERATIVO PRINCIPAL || 33. PRINCIPIOS NO NEGOCIABLES || 34. FRASE RECTORA",36,0,Índice de secciones fuente; no es resultado de aceptación. Los criterios formales mantienen su ID y estado en REQUIREMENTS_TRACEABILITY_00_19_2026-10-08.csv.
10_CHAT_INTERNO_FINAL.docx,1.0,2d172d1aad7acdb1b063874e0f988277c3493b5ea840526f97406e5f3f3cb9bd,"0. DOCUMENTOS RECTORES Y ALCANCE || 1. PROPÓSITO || 2. PREGUNTAS RECTORAS || 3. CHAT NO ES FUENTE AUTOMÁTICA DE VERDAD || 4. TRES FORMAS DE CONVERSAR || 5. CANALES POR SECCIÓN || 6. CHAT CONTEXTUAL || 7. HILOS DE CONVERSACIÓN || 8. MENSAJES DESDE OTROS MÓDULOS || 9. VÍNCULOS EXPLÍCITOS || 10. DOTS — PRESENCIA PERMANENTE Y DISCRETA || 11. QUÉ PUEDE DETECTAR DOTS || 12. PRESUPUESTO DE INTERVENCIÓN DOTS || 13. CONVERSACIÓN → ACCIÓN || 14. TAREAS NACIDAS DEL CHAT || 15. COMPROMISOS DETECTADOS || 16. REGISTRO DE DECISIONES || 17. MEMORIA OPERATIVA || 18. RESÚMENES INTELIGENTES || 19. QUÉ NECESITA MI ATENCIÓN || 20. CONVERSACIONES SIN RESOLVER || 21. NOTIFICACIONES || 22. PRESENCIA Y ESTADOS DEL USUARIO || 23. MODO CONCENTRADO || 24. BÚSQUEDA Y CONSULTA || 25. PREGUNTAS SOBRE CONVERSACIONES ANTERIORES || 26. CONTRADICCIONES || 27. RIESGO DE COMPROMISOS Y ENTREGAS || 28. NBA DENTRO DEL CHAT || 29. eQ DENTRO DEL CHAT || 30. BI Y EL CHAT || 31. QUÉ PUEDE APRENDER BI || 32. BI NO DEBE MEDIR RUIDO || 33. TIEMPO DE RESPUESTA RESPONSABLE || 34. ANTI-VIGILANCIA || 35. PRIVACIDAD DE DOTS Y CHAT || 36. PERMISOS Y MEMBRESÍAS || 37. INFORMACIÓN FINANCIERA || 38. INTERNO ≠ CLIENTE || 39. MENSAJES, EDICIÓN Y TRAZABILIDAD || 40. ELIMINACIÓN DE MENSAJES || 41. ARCHIVOS Y ADJUNTOS || 42. REACCIONES Y CONFIRMACIÓN || 43. EVENTOS DE SISTEMA EN CONVERSACIÓN || 44. REALTIME Y FUENTE DE VERDAD || 45. ENVÍO SEGURO E IDEMPOTENTE || 46. FALLA DE IA || 47. ESCALA Y RENDIMIENTO || 48. RETENCIÓN Y ARCHIVO || 49. MIGRACIÓN DEL CHAT EXISTENTE || 50. MODELO CONCEPTUAL A RESERVAR PARA 11 || 51. UX DEL LANZAMIENTO || 52. CRITERIOS PARA QUE EL CHAT REEMPLACE OTROS MEDIOS || 53. ESCENARIOS DE AUDITORÍA OBLIGATORIA || 54. INVARIANTES NO NEGOCIABLES || 55. FRASE RECTORA || 56. RESULTADO FINAL",57,0,Índice de secciones fuente; no es resultado de aceptación. Los criterios formales mantienen su ID y estado en REQUIREMENTS_TRACEABILITY_00_19_2026-10-08.csv.
11_MODELO_DE_DATOS_FINAL.docx,1.0,c65df9ba5c2f0d09982c8fb589116a0e240283304d87fdd38bd02c4d959e1780,"0. DOCUMENTOS RECTORES Y ESTADO || 1. PROPÓSITO || 2. PRINCIPIOS ESTRUCTURALES || 3. CAPAS DEL MODELO || 4. MAPA CONCEPTUAL GENERAL || 5. MATRIZ DE PROPIEDAD DE VERDADES || 6. IDENTIFICADORES Y TIEMPO || 7. IDENTIDAD INTERNA, PERFIL Y ORGANIZACIÓN || 8. IDENTIDAD COMERCIAL CANÓNICA || 9. PROSPECCIÓN || 10. CATÁLOGO MAESTRO DE PRODUCTOS Y SERVICIOS || 11. OPORTUNIDAD || 12. PROPUESTAS VERSIONADAS || 13. INTERACCIÓN COMERCIAL || 14. VENTA Y VENTA RÁPIDA || 15. FACTURA, COBRO Y TRATAMIENTO FISCAL || 16. COMISIONES Y POLÍTICAS || 17. PROYECTO OPERATIVO MÍNIMO || 18. SERVICIO ACTIVO || 19. RELACIÓN DE CLIENTE || 20. TICKETS Y PORTAL DEL CLIENTE || 21. TAREAS || 22. RADAR Y BUCLES ABIERTOS || 23. TRIAGE Y SITUACIÓN OPERACIONAL || 24. COMPROMISO TRANSVERSAL || 25. CHAT INTERNO || 26. DOTS COMO CAPA TRANSVERSAL || 27. eQ Y NBA || 28. BUSINESS INTELLIGENCE || 29. CONTRATO CON FINANZAS GERENCIAL || 30. ARCHIVOS Y ADJUNTOS || 31. EVENTOS DE DOMINIO || 32. AUDITORÍA || 33. PROCEDENCIA, CERTEZA Y TIPO DE AFIRMACIÓN || 34. POLÍTICAS Y CATÁLOGOS VERSIONADOS || 35. DINERO Y MULTIMONEDA || 36. SEGURIDAD Y RLS || 37. ADR-11-04 — BUSINESS OBJECT REGISTRY || 38. IDEMPOTENCIA, TRANSACCIONES Y CONCURRENCIA || 39. CICLO DE VIDA, ARCHIVO Y BORRADO || 40. LEGACY Y MIGRACIÓN DEL SISTEMA ACTUAL || 41. MODELO FÍSICO SUGERIDO PARA POSTGRESQL/SUPABASE || 42. CONSTRAINTS E ÍNDICES CLAVE || 43. VISTAS, MATERIALIZED VIEWS Y DATOS DERIVADOS || 44. CALIDAD DE DATOS || 45. MEJORA CONTINUA Y EVOLUCIÓN || 46. DECISIONES ARQUITECTÓNICAS (ADR) APROBADAS || 47. INVARIANTES NO NEGOCIABLES || 48. CONTRATO PARA IMPLEMENTACIÓN || 49. RESULTADO FINAL",50,0,Índice de secciones fuente; no es resultado de aceptación. Los criterios formales mantienen su ID y estado en REQUIREMENTS_TRACEABILITY_00_19_2026-10-08.csv.
12_CRITERIOS_DE_ACEPTACION_FINAL.docx,1.0,34fee2c6bd682c3fdf2b503b78dd0cdc49d01655e2e1da49e0b7c719edc862d3,"0. DOCUMENTOS RECTORES Y ALCANCE || 1. FILOSOFÍA DE CALIDAD || 2. FORMATO Y NOMENCLATURA || 3. ESTRATEGIA TÉCNICA DE PRUEBAS || 4. GOLDEN DATASET V1 || 5. CORE E INTEGRIDAD || 6. SEGURIDAD, PERMISOS Y RLS || 7. USUARIOS Y ORGANIZACIÓN || 8. TAREAS || 9. TRIAGE || 10. RADAR || 11. PROSPECTOS Y OPORTUNIDADES || 12. VENTAS, PROYECTOS Y SERVICIOS || 13. FACTURACIÓN, COBROS, MONEDA Y COMISIONES || 14. TICKETS || 15. CHAT INTERNO || 16. DOTS, NBA Y eQ || 17. eQ || 18. BUSINESS INTELLIGENCE || 19. ARCHIVOS, EVENTOS, AUDITORÍA Y PROCEDENCIA || 20. MIGRACIÓN Y LEGACY || 21. DEGRADACIÓN, CONCURRENCIA Y RESILIENCIA || 22. EXPERIENCIA DE USUARIO || 23. RELEASE GATE OBLIGATORIO || 24. TOP 20 BLOQUEANTES DEL RELANZAMIENTO || 25. MATRIZ DE TRAZABILIDAD POR DOCUMENTO || 26. DEFINICIÓN DE DONE || 27. REGRESIÓN Y MEJORA CONTINUA || 28. DOBLE AUDITORÍA ANTES DE CADA RELEASE || 29. PRINCIPIOS NO NEGOCIABLES DEL 12 || 30. RESULTADO FINAL",31,139,Índice de secciones fuente; no es resultado de aceptación. Los criterios formales mantienen su ID y estado en REQUIREMENTS_TRACEABILITY_00_19_2026-10-08.csv.
13_DOTS_DESARROLLO_FINAL.docx,1.0,a431787075a9708b7c4d22cb3a4ed2a643c3f49697b68d906c0a509014859fca,"0. ESTADO, BASELINE Y REGLA DE COMPATIBILIDAD || 1. DOCUMENTOS RECTORES RELACIONADOS || 2. IDENTIDAD DE DOTS || 3. DOTS 24/7 — AUTONOMÍA REAL, NO IA GENERATIVA PERMANENTE || 4. CICLO RECTOR DOTS || 5. NIVELES DE AUTONOMÍA || 6. MODOS DE INTERVENCIÓN || 7. PERSONALIZACIÓN DEL DOTS PERSONAL || 8. MOMENTOS DOTS || 9. PREPARAR AL USUARIO ANTES DE ACTUAR || 10. CERRAR EL CÍRCULO DESPUÉS DE ACTUAR || 11. MODO MISIÓN || 12. DOTS GUARDIAN — ANTES DEL ERROR || 13. ENSEÑAR MIENTRAS SE TRABAJA || 14. DETECTOR DE PATRONES PERSONALES || 15. REGLA DE LAS DOS PREGUNTAS Y CICLO DE CRITERIO || 16. DOTS PUEDE HACER, NO SOLO RECOMENDAR || 17. HUELLA DOTS — EVIDENCIA DE VALOR || 18. RECONOCIMIENTOS Y CELEBRACIONES || 19. ÍNDICE / LECTURA DE DESARROLLO DOTS || 20. OBJETIVOS DE DESARROLLO || 21. MICROEXPERIMENTOS Y PRÁCTICA || 22. BIENVENIDA, CIERRE Y REVISIONES || 23. INSPIRACIÓN CRISTIANA Y TEXTOS BÍBLICOS || 24. PRIVACIDAD Y CAPAS DE INFORMACIÓN DOTS || 25. GERENCIA Y MASTER || 26. DOTS ↔ BI — APRENDIZAJE SIN VIGILANCIA || 27. LINDERO DOTS / NBA || 28. LINDERO DOTS / RADAR || 29. LINDERO DOTS / TRIAGE || 30. LINDERO DOTS / eQ || 31. LINDERO DOTS / CHAT || 32. LINDERO DOTS / TAREAS || 33. LINDERO DOTS / CLIENTES Y VENTAS || 34. LINDERO DOTS / TICKETS || 35. LINDERO DOTS / PROYECTOS Y SERVICIOS || 36. CONTRATOS CON 14–18 || 37. TENDENCIAS, NOVEDADES Y CONTEXTO EXTERNO || 38. DEGRADACIÓN Y CONTINUIDAD || 39. ENTIDADES / OBJETOS CONCEPTUALES QUE 13 NECESITA || 40. EXPERIENCIA “MI DESARROLLO” || 41. COMPATIBILIDAD CON LA BASELINE 00–12 || 42. RESOLUCIONES DE COMPATIBILIDAD APROBADAS || 43. PATCH DE COMPATIBILIDAD POSTERIOR A 13 || 44. CRITERIOS ADICIONALES REQUERIDOS PARA 12 || 45. INVARIANTES NO NEGOCIABLES DEL 13 || 46. DEPENDENCIAS DELIBERADAMENTE DELEGADAS A 14–18 || 47. CIERRE Y ESTADO FINAL",48,13,Índice de secciones fuente; no es resultado de aceptación. Los criterios formales mantienen su ID y estado en REQUIREMENTS_TRACEABILITY_00_19_2026-10-08.csv.
14_ORQUESTACION_DE_IA_FINAL.docx,1.0,d2c4ce991f26145304eb434c4d29ac0c0ae1f849f7919bfc831e531b27f3dc8c,"0. RELACIÓN DOCUMENTAL Y ALCANCE || 1. PREGUNTA RECTORA || 2. QUÉ ES Y QUÉ NO ES EL ORQUESTADOR || 3. PRINCIPIOS NO NEGOCIABLES || 4. ARQUITECTURA LÓGICA DEL PLANO DE CONTROL || 5. FLUJO RECTOR DE ORQUESTACIÓN || 6. FUENTES DE ACTIVACIÓN || 7. IDENTIDAD, PERMISOS Y ALCANCE PRIMERO || 8. CONTEXT ENVELOPE || 9. CONSTRUCTOR DE CONTEXTO — MÍNIMO DATO NECESARIO || 10. PROMPT MAESTRO Y ENSAMBLAJE DE INSTRUCCIONES || 11. ROUTING — EL USUARIO NO ELIGE EL MOTOR || 12. REGISTRO DE CAPACIDADES || 13. DETERMINÍSTICO PRIMERO || 14. PROVEEDORES Y ROUTING DE MODELOS || 15. SALIDAS ESTRUCTURADAS Y CONTRATOS TIPADOS || 16. SEPARACIÓN PLANIFICADOR / EJECUTOR || 17. NIVELES DE AUTONOMÍA A–F || 18. PREAUTORIZACIÓN DE BAJO RIESGO || 19. EJECUCIÓN POR HERRAMIENTAS DEL MÓDULO PROPIETARIO || 20. VERIFICACIÓN POSTERIOR A LA ACCIÓN || 21. IDEMPOTENCIA Y CONCURRENCIA || 22. EVENTOS DE DOMINIO Y PATRÓN OUTBOX || 23. JOBS, COLAS Y TRABAJO 24/7 || 24. REINTENTOS Y DEAD-LETTER || 25. CORRELATION_ID, CAUSATION_ID Y TRAZABILIDAD || 26. CONTROL DE BUCLES Y PRESUPUESTOS || 27. NO AL ENJAMBRE DE AGENTES POR DEFECTO || 28. ORQUESTACIÓN DE DOTS || 29. ORQUESTACIÓN DE MODO MISIÓN || 30. ORQUESTACIÓN DE DOTS GUARDIAN || 31. ORQUESTACIÓN DE CHAT || 32. ORQUESTACIÓN DE eQ || 33. ORQUESTACIÓN DE BI || 34. INTERFAZ CON 15 — MEMORIA Y CONOCIMIENTO || 35. INTERFAZ CON 16 — GOBERNANZA DE IA || 36. INTERFAZ CON 17 — EVALUACIÓN Y MEJORA CONTINUA || 37. INTERFAZ CON 18 — OBSERVABILIDAD DE IA || 38. FUENTES EXTERNAS Y TENDENCIAS || 39. PROMPT INJECTION Y CONTENIDO NO CONFIABLE || 40. PRIVACIDAD DOTS EN LA ORQUESTACIÓN || 41. MASTER Y ACCIONES EXTRAORDINARIAS || 42. INFORMACIÓN FINANCIERA || 43. DEGRADACIÓN Y FALLBACK || 44. COSTO, RECURSOS Y EFICIENCIA || 45. ESTADO DE UNA EJECUCIÓN || 46. INTERRUPCIÓN, CANCELACIÓN Y CONTROL DEL USUARIO || 47. OBJETOS CONCEPTUALES PARA PATCH DEL 11 || 48. CRITERIOS ADICIONALES PROPUESTOS PARA 12 || 49. COMPATIBILIDAD CON 00–13 || 50. V1 DE ORQUESTACIÓN — QUÉ IMPLEMENTAR PRIMERO || 51. EVOLUCIÓN POSTERIOR || 52. ESCENARIOS DE AUDITORÍA OBLIGATORIA || 53. INVARIANTES NO NEGOCIABLES || 54. NOTA DE IMPLEMENTACIÓN PARA DERLIS || 55. FRASES RECTORAS || 56. RESULTADO FINAL",57,15,Índice de secciones fuente; no es resultado de aceptación. Los criterios formales mantienen su ID y estado en REQUIREMENTS_TRACEABILITY_00_19_2026-10-08.csv.
15_MEMORIA_Y_CONOCIMIENTO_FINAL.docx,1.0,bea59305a175ea569d0e442163158e8505f5cdbf6c8d00e76875e82023758c90,"0. RELACIÓN DOCUMENTAL Y ALCANCE || 1. PREGUNTA RECTORA || 2. QUÉ ES Y QUÉ NO ES MEMORIA EN eQUANTUM || 3. TAXONOMÍA DE MEMORIA || 4. FUENTE DE VERDAD VS. MEMORIA || 5. CICLO DE VIDA DE LA MEMORIA || 6. VÍAS DE CAPTURA || 7. PROMOCIÓN: DE CONVERSACIÓN A MEMORIA || 8. PROCEDENCIA Y CERTEZA || 9. TEMPORALIDAD, VIGENCIA Y FRESCURA || 10. ESTADOS DEL CONOCIMIENTO || 11. VERSIONADO Y SUPERSESIÓN || 12. RESOLUCIÓN DE CONTRADICCIONES || 13. MEMORIA DE DECISIONES — ENTIDAD CENTRAL || 14. CIERRE DEL CICLO DE DECISIÓN || 15. LECCIONES APRENDIDAS || 16. MEMORIA PERSONAL DOTS || 17. REFLEXIÓN PRIVADA || 18. MEMORIA DE MISIÓN DOTS || 19. CONOCIMIENTO ORGANIZACIONAL || 20. ALCANCE DEL CONOCIMIENTO || 21. CONOCIMIENTO ENTRE CLIENTES — PROTECCIÓN ESTRICTA || 22. DOCUMENTOS Y ARCHIVOS COMO FUENTES DE CONOCIMIENTO || 23. CHAT COMO FUENTE, NO COMO MEMORIA UNIVERSAL || 24. TICKETS, PROYECTOS Y VENTAS COMO GENERADORES DE CONOCIMIENTO || 25. BI Y MEMORIA || 26. eQ Y MEMORIA || 27. DOTS Y MEMORIA || 28. CONTRATO CON 14 — RECUPERACIÓN DE MEMORIA || 29. RAG / RECUPERACIÓN AUMENTADA — ARQUITECTURA || 30. BÚSQUEDA TEXTUAL Y SEMÁNTICA || 31. AUTORIZACIÓN ANTES DE RECUPERAR || 32. PAQUETE DE MEMORIA PARA IA || 33. RESPUESTAS CON PROCEDENCIA || 34. NO ALMACENAR RAZONAMIENTO INTERNO OCULTO || 35. MEMORIA NO ES ENTRENAMIENTO || 36. RETENCIÓN, EXPIRACIÓN Y OLVIDO CONTROLADO || 37. CORRECCIÓN Y DERECHO A RECTIFICAR || 38. MASTER Y ACCESO EXTRAORDINARIO || 39. DATOS FINANCIEROS Y MEMORIA || 40. FUENTES EXTERNAS Y CONOCIMIENTO PERECEDERO || 41. CALIDAD DEL CONOCIMIENTO || 42. KNOWLEDGE GAP — LO QUE TODAVÍA NO SABEMOS || 43. EVITAR DEPENDENCIA DE UNA SOLA PERSONA || 44. CENTRO DE CONOCIMIENTO — EXPERIENCIA VISIBLE || 45. “¿QUÉ SABEMOS SOBRE...?” || 46. CURACIÓN 24/7 SIN IA PERMANENTE || 47. DUPLICADOS Y FUSIÓN || 48. RELACIONES ENTRE CONOCIMIENTOS || 49. MODELO CONCEPTUAL QUE 15 NECESITA || 50. MODELO FÍSICO SUGERIDO — SIN SQL DEFINITIVO || 51. SEGURIDAD Y RLS || 52. DEGRADACIÓN || 53. COMPATIBILIDAD CON LA BASELINE 00–14 || 54. PATCH DE COMPATIBILIDAD PARA DERLIS || 55. CRITERIOS ADICIONALES PROPUESTOS PARA 12 || 56. V1 VS. EVOLUCIÓN FUTURA || 57. INVARIANTES NO NEGOCIABLES || 58. FRASES RECTORAS || 59. RESULTADO FINAL",60,15,Índice de secciones fuente; no es resultado de aceptación. Los criterios formales mantienen su ID y estado en REQUIREMENTS_TRACEABILITY_00_19_2026-10-08.csv.
16_GOBERNANZA_DE_IA_FINAL_v1_1.docx,1.1,97063790ccebd3c91088491ae2c450b68f138db79aa534e8de4388a9f1640e11,"0. DOCUMENTOS RECTORES Y ALCANCE || 1. PREGUNTA RECTORA || 2. OBJETIVO DE GOBERNANZA || 3. PRINCIPIOS NO NEGOCIABLES || 1. Permisos antes que inteligencia. || 2. La IA no puede elevar sus propios permisos ni cambiar sus políticas. || 3. Determinístico antes que generativo cuando exista una regla confiable. || 4. Mínimo dato necesario antes que contexto masivo. || 5. Planear no autoriza ejecutar. || 6. Toda acción real pasa por el módulo propietario. || 7. Acciones sensibles requieren confirmación humana o doble control cuando corresponda. || 8. La preautorización debe ser específica, limitada, revocable y auditable. || 9. El usuario conserva el derecho a contradecir una recomendación sin ser penalizado por obediencia. || 10. No se guarda cadena de pensamiento interna; sí evidencia, razones resumidas, herramientas y resultado. || 11. Prompt injection y contenido externo no pueden cambiar permisos, herramientas ni políticas. || 12. La falla de IA no paraliza el núcleo operativo. || 13. Ningún proveedor/modelo nuevo de pago se incorpora sin autorización explícita. || 14. La privacidad de DOTS y el conocimiento sensible se preservan de extremo a extremo. || 15. Toda ampliación de autonomía debe poder desactivarse sin apagar el sistema completo. || 4. JERARQUÍA DE AUTORIDAD || 5. AUTORIDAD DE GOBERNANZA DE IA || 6. INVENTARIO DE CAPACIDADES DE IA || 7. NIVELES DE AUTONOMÍA A–F — POLÍTICA FINAL || 8. CLASES DE RIESGO DE ACCIÓN || 9. POLÍTICA DE PREAUTORIZACIÓN NIVEL E || 10. ACCIONES SIEMPRE SENSIBLES || 11. ACCIONES PROHIBIDAS || 12. HUMAN-IN-THE-LOOP — CUÁNDO LA PERSONA DEBE DECIDIR || 13. RECHAZO, OVERRIDE HUMANO Y REGLA DE DOS PREGUNTAS || 14. DOTS — GOBIERNO ESPECÍFICO || 15. INSPIRACIÓN CRISTIANA — LÍMITE DE GOBERNANZA || 16. PRIVACIDAD DOTS Y DATOS PERSONALES || 17. DATOS FINANCIEROS Y OTRA INFORMACIÓN SENSIBLE || 18. MINIMIZACIÓN DE DATOS || 19. RETENCIÓN — POLÍTICA V1 || 20. MEMORIA NO ES ENTRENAMIENTO || 21. PROVEEDORES, MODELOS Y APIS || 22. REGISTRO DE MODELOS Y CONFIGURACIONES || 23. PROMPTS E INSTRUCCIONES COMO CONFIGURACIÓN GOBERNADA || 24. HERRAMIENTAS / TOOL GOVERNANCE || 25. PROMPT INJECTION Y CONTENIDO NO CONFIABLE || 26. GUARDRAILS DE COSTO Y RECURSOS || 27. GUARDRAILS DE FRECUENCIA E INTERVENCIÓN || 28. TRANSPARENCIA PARA EL USUARIO || 29. SCORE DOTS — GOBERNANZA || 30. RECONOCIMIENTOS Y CELEBRACIONES || 31. NO VIGILANCIA / NO “EMPLOYEE SURVEILLANCE” || 32. EQUIDAD Y NO DISCRIMINACIÓN || 33. CAMBIOS DE IA — CLASIFICACIÓN || 34. PROCESO DE CAMBIO GOBERNADO || 1. Registrar motivo y objetivo. || 2. Identificar documentos/capacidades afectadas. || 3. Clasificar riesgo C0–C4. || 4. Definir datos, herramientas y autonomía. || 5. Actualizar criterios de aceptación/evaluación. || 6. Probar en staging con casos positivos, negativos y adversariales. || 7. Aprobar según clase. || 8. Desplegar controladamente. || 9. Observar con 18 y evaluar con 17. || 10. Rollback/suspender si no cumple umbrales. || 35. EXPERIMENTACIÓN / CANARY || 36. KILL SWITCH Y SUSPENSIÓN POR CAPACIDAD || 37. INCIDENTES DE IA || 38. PROTOCOLO DE INCIDENTE || 1. Detectar/recibir reporte. || 2. Clasificar severidad. || 3. Detener capability/tool/autonomía si existe riesgo. || 4. Preservar correlation_id, versión de prompt/modelo, herramientas y evidencia autorizada. || 5. Evaluar alcance de datos/acciones afectadas. || 6. Revertir o mitigar si es posible. || 7. Notificar internamente a responsables adecuados. || 8. Corregir y agregar prueba de regresión. || 9. Revalidar en staging. || 10. Reactivar solo con aprobación acorde al riesgo. || 39. AUDITORÍA Y EVIDENCIA DE GOBERNANZA || 40. QUÉ NO DEBE IR AL AUDIT LOG || 41. MASTER Y GOBERNANZA IA || 42. POLÍTICAS VERSIONADAS || 43. POLICY ENGINE — V1 SIMPLE || 44. SUPERFICIE ADMINISTRATIVA “GOBIERNO DE IA” || 45. GOBERNANZA DE CONOCIMIENTO Y RAG || 46. GOBERNANZA DE FUENTES EXTERNAS || 47. GOBERNANZA DE FINANZAS || 48. GOBERNANZA DE COMUNICACIÓN EXTERNA || 49. GOBERNANZA DE “DESTACADO DEL MES” Y PREMIOS || 50. RELACIÓN CON 17 — EVALUACIÓN Y MEJORA CONTINUA || 51. RELACIÓN CON 18 — OBSERVABILIDAD || 52. CADENCIA DE REVISIÓN DE GOBERNANZA || 53. COMPATIBILIDAD PROPUESTA CON 00–15 || 54. REVISIÓN DE COHERENCIA Y ALCANCE || 55. PATCH DE COMPATIBILIDAD PARA DERLIS || 1. 02: agregar capacidad administrativa de Gobierno IA para perfiles autorizados; no mezclarla con cargo. || 2. 11: agregar objetos mínimos ai_capabilities, ai_policies, ai_policy_versions, ai_approvals, ai_incidents y relaciones necesarias; implementación física a validar antes de SQL final. || 3. 12: agregar criterios ACC-GOV y pruebas adversariales/RLS de gobernanza. || 4. 13: conectar preferencias/score/reconocimientos con políticas de 16 sin exponer privados. || 5. 14: implementar Policy/Risk Gate consultando políticas versionadas de 16. || 6. 15: aplicar políticas de retención/recuperación y mantener derivados sincronizados con permisos. || 7. 18 futuro: exponer health/telemetría y kill-switch state sin registrar contenido innecesario. || 56. CRITERIOS NUEVOS PROPUESTOS PARA 12 || 57. V1 DE GOBERNANZA — QUÉ IMPLEMENTAR PRIMERO || 1. Capability Registry con owner, autonomía máxima y tools allowlisted. || 2. Policy Registry/versiones con riesgo, confirmación y límites. || 3. Policy/Risk Gate en backend antes del Executor. || 4. Action Proposal + Approval para D/F. || 5. Preautorizaciones E limitadas/revocables. || 6. Kill switch por capability/tool. || 7. Registro básico de modelos/prompts relevantes. || 8. Clasificación de privacidad/sensibilidad y enforcement antes de contexto. || 9. Incident record básico. || 10. Pruebas ACC-GOV bloqueantes en staging. || 11. Vista administrativa restringida de Gobierno IA. || 12. Hooks para 17/18. || 58. INVARIANTES NO NEGOCIABLES || 1. La IA no gobierna sus propias reglas. || 2. RLS/backend están por encima de prompts/modelos. || 3. Planear no autoriza ejecutar. || 4. Toda acción real usa el módulo propietario. || 5. Tools deben estar allowlisted. || 6. Nivel F exige confirmación humana explícita. || 7. Master nunca es activado por IA. || 8. Preautorización E es limitada y revocable. || 9. Silencio no equivale a aprobación. || 10. Prompt injection no cambia permisos/policies/tools. || 11. DOTS privado no alimenta BI ordinario. || 12. Score DOTS no es evaluación laboral oficial. || 13. Score DOTS no decide reconocimientos públicos. || 14. Rechazar IA no es falta. || 15. Se aprende de resultados, no de obediencia. || 16. Inspiración cristiana no es variable de desempeño. || 17. No inferir características sensibles para evaluar personas. || 18. financial_info también protege inferencias derivadas. || 19. Derivados/embeddings heredan sensibilidad. || 20. Memoria no autoriza entrenamiento. || 21. No nuevo proveedor/API de pago sin autorización explícita. || 22. Model/prompt changes relevantes son versionados y reversibles. || 23. No cadena de pensamiento persistida. || 24. Acción sensible debe ser idempotente/verificable cuando aplique. || 25. Kill switch debe existir por capability/tool. || 26. IA degradada no paraliza operación básica. || 27. Incidentes críticos suspenden antes de optimizar. || 28. No ocultar errores para proteger métricas. || 29. Gobernanza debe poder evolucionar mediante políticas versionadas. || 30. Simplicidad y control tienen prioridad sobre autonomía espectacular pero insegura. || 59. FRASES RECTORAS || 60. RESULTADO FINAL",145,30,Índice de secciones fuente; no es resultado de aceptación. Los criterios formales mantienen su ID y estado en REQUIREMENTS_TRACEABILITY_00_19_2026-10-08.csv.
17_EVALUACION_Y_MEJORA_CONTINUA_IA_v1_1.docx,1.1,278ea29473ad62c9fc23cb659f924a0f95089a4b45951c8586b49c2295419bc1,1 Pregunta rectora y alcance || 2 Responsabilidades y límites de propiedad || 3 Principios de evaluación || 4 Investigación de módulos semejantes || 5 Capas de calidad || 6 Contrato de evaluación por capacidad || 7 Banco de casos y Golden Dataset || 8 Separación de datos de desarrollo y validación || 9 Privacidad de los datasets || 10 Evaluadores determinísticos || 11 Evaluación humana y rúbricas || 12 Juez generativo y calibración || 13 Evaluación del agente y conversaciones completas || 14 Evaluación de memoria y recuperación || 15 Métricas y denominadores || 16 Resultado empresarial y atribución de valor || 17 Aprender del desacuerdo humano || 18 Calidad del acompañamiento DOTS || 19 Score privado de desarrollo || 20 Comparación entre versión vigente y candidata || 21 Umbrales y decisión de liberación || 22 Pilotos y modo sombra || 23 Evaluación en producción y deriva || 24 Taxonomía de fallos y mejora continua || 25 Incidentes y acciones inmediatas || 26 Responsables y cadencia || 27 Experiencia de evaluación y reportes || 28 Modelo lógico mínimo y trazabilidad || 29 Implementación V1 y evolución || 30 Compatibilidad y patch aditivo || 31 Criterios de aceptación para integrar en 12 || 32 Ejemplos completos de prueba || 33 Integración con gestión de la calidad || 34 Ciclo PHVA aplicado a capacidades de IA || 35 Enfoque de procesos y requisitos del usuario || 36 Desviaciones corrección y acción correctiva || 37 Verificación de eficacia y prevención de recurrencia || 38 Revisión por Dirección y revisión interna de calidad || 39 Integración aditiva y criterios de calidad || 40 Control final de coherencia y pendientes || 41 Fuentes oficiales y alcance de la investigación,41,42,Índice de secciones fuente; no es resultado de aceptación. Los criterios formales mantienen su ID y estado en REQUIREMENTS_TRACEABILITY_00_19_2026-10-08.csv.
18_OBSERVABILIDAD_DE_IA_v1_0.docx,1.0,5cb64dc6c0107b11f353153a5d09fa48132fea752615144e8f9f033e605ace25,1 Pregunta rectora || 2 Propiedad y límites del módulo || 3 Principios obligatorios || 4 Investigación internacional incorporada || 5 Capas de observación || 6 Identificadores y correlación || 7 Contrato mínimo de registro || 8 Clasificación técnica del resultado || 9 Etapas y trazas de una ejecución || 10 Trabajo esperado y autonomía 24 por 7 || 11 Salud y objetivos de servicio || 12 Indicadores operativos || 13 Consumo costos y límites || 14 Dependencias y diagnóstico || 15 Alertas útiles y agrupadas || 16 Respuesta y límites de automatización || 17 Privacidad y minimización desde origen || 18 Permisos y acceso a telemetría || 19 Retención eliminación y evidencia protegida || 20 Muestreo volumen y escalabilidad || 21 Fallo de observabilidad y registros obligatorios || 22 Supervisión del propio monitoreo || 23 Suspensión visible y ejecuciones en curso || 24 Diagnóstico asistido por IA || 25 Experiencia de usuario y administración || 26 Relación con calidad y mejora continua || 27 Ejemplos operativos completos || 28 Modelo lógico mínimo || 29 Implementación V1 y evolución || 30 Patches de compatibilidad || 31 Criterios de aceptación para 12 || 32 Validación y cierre documental || 33 Fuentes oficiales,33,40,Índice de secciones fuente; no es resultado de aceptación. Los criterios formales mantienen su ID y estado en REQUIREMENTS_TRACEABILITY_00_19_2026-10-08.csv.
19_CENTRO_DE_DIRECCION_EJECUTIVA_ULi_v1_2.docx,1.2,1ab8c4c3cc28924445bedc0a3829bd77360aee25a3e91a4193eacb2ccb24a7fa,"Síntesis para Dirección || 1 La experiencia que debe entregar || 2 Investigación incorporada y criterio propio || 3 Propiedad de datos y convivencia con el sistema || 4 Mapa de navegación ejecutiva || 5 Diseño visual y accesibilidad || Referencia visual del dashboard || 6 Resumen ejecutivo y seis tarjetas || 7 Catálogo de gráficos bien pensados || 8 Definiciones económicas indispensables || 9 Cuentas, movimientos y conciliación || 10 Flujo de caja simple y comparado || 11 Caja proyectada y horizonte móvil || 12 Escenarios y decisiones de inversión || 13 Ratios de liquidez y solvencia || 14 Rentabilidad, cobranza y economía del servicio || 15 Ventas reales, posibles y comparación BI || 16 Presupuesto, cierres y control de cambios || 17 ULi como apoyo de alta gerencia || 18 Informes de IA y lectura ejecutiva || 19 Voz: preguntar, navegar y escuchar || 20 PDF, impresión y envío por correo || 21 Comunicados a todos los usuarios || 22 Evaluación de desempeño para Dirección || 23 Funciones adicionales que aportan valor || 24 Monedas, impuestos y precisión || 25 Permisos y acciones sensibles || 26 Modelo lógico y trazabilidad || 27 Arquitectura y operación || 28 Fases de implementación || 29 Ejemplos de experiencia completa || 30 Criterios de aceptación verificables || 31 Auditoría documental y límites pendientes || 32 Fuentes oficiales y trazabilidad de investigación",34,67,Índice de secciones fuente; no es resultado de aceptación. Los criterios formales mantienen su ID y estado en REQUIREMENTS_TRACEABILITY_00_19_2026-10-08.csv.
