parche,id,escenario,esperado,referencia,estado,estado_revision,evidencia_disponible,release_aprobado
P01,IT-01,Master intenta leer reflexión; falta motivo o segunda persona.,"Bloquear; con expediente válido, acceso humano mínimo auditado y expirado. IA no recibe tool Master.",P01,NO EJECUTADO,PENDING_REVIEW,,NO
P01,IT-02,Correo confirmado hace efecto y devuelve timeout; se reintenta job.,"Consultar proveedor/owner; mismo efecto una vez. Si imposible verificar, incierto y revisión, sin reenvío.",P01,NO EJECUTADO,PENDING_REVIEW,,NO
P01,IT-03,Run multietapa completa una escritura y falla otra; después se cancela.,"14 conserva parcial/efecto previo y reconciliación; 18 muestra proyección consistente, no todo completado.",P01,NO EJECUTADO,PENDING_REVIEW,,NO
P01,IT-04,Usuario abre Cómo me estás viendo antes de validar fórmula.,Solo evidencia cualitativa; no 82/100 ni peso inventado; falta de evidencia no equivale a cero.,P01,NO EJECUTADO,PENDING_REVIEW,,NO
P01,IT-05,Se cambia política/version de capability y hay propuesta pendiente.,Mismo capability_id; Executor revalida y bloquea autorización inválida sin segundo catálogo.,P01,NO EJECUTADO,PENDING_REVIEW,,NO
P01,IT-06,Se corrige preferencia/reflexión y se consulta desde DOTS/Memoria.,Mismo ID y nueva versión donde corresponda; privado nunca aparece en búsqueda de otro usuario.,P01,NO EJECUTADO,PENDING_REVIEW,,NO
P01,IT-07,Se activa almacenamiento privado sin duración; luego se restaura backup tras eliminación.,No activar almacenamiento sin ficha; restauración reaplica revocaciones/eliminaciones antes de exposición.,P01,NO EJECUTADO,PENDING_REVIEW,,NO
P01,IT-08,Dataset con completos/parciales/inciertos/espera/bloqueos; dos paneles consultan mismo corte.,Misma cohorte/definición técnica y categorías visibles; calidad/utilidad sigue rúbrica independiente de 17.,P01,NO EJECUTADO,PENDING_REVIEW,,NO
P01,IT-09,Evaluator global pide conversación privada; telemetría tiene solo IDs.,No capturar texto; usar caso sintético/evidencia autorizada suficiente o declarar no evaluable.,P01,NO EJECUTADO,PENDING_REVIEW,,NO
P01,IT-10,"Una preparación genera acción y resultado; aparece en Huella, decisión y escenario.","Tres fases enlazadas, resultado económico no duplicado ni causalidad inventada.",P01,NO EJECUTADO,PENDING_REVIEW,,NO
P01,IT-11,Faltan tarifa/factura; luego llega factura compartida con otras capacidades.,Costo desconocido no es cero; 19 concilia y asigna con regla/soporte sin sumar estimación como segundo gasto.,P01,NO EJECUTADO,PENDING_REVIEW,,NO
P01,IT-12,Daniel pide a ULi por qué cayó margen y cuál es próxima acción.,19/BI→eQ si corresponde; NBA para próxima acción; ULi presenta fuentes sin motor paralelo.,P01,NO EJECUTADO,PENDING_REVIEW,,NO
P01,IT-13,"Se guarda escenario, se confirma decisión y se cambia escenario posterior.",Escenario no ejecuta; 15 conserva decisión/snapshot histórico; Tarea y Radar enlazados una vez.,P01,NO EJECUTADO,PENDING_REVIEW,,NO
P01,IT-14,Forecast erróneo y objetivo laboral retrasado; se abre revisión de calidad.,No score común ni culpa automática a ULi/empleado; 17 limita su expediente a calidad IA.,P01,NO EJECUTADO,PENDING_REVIEW,,NO
P01,IT-15,Tool de reasignación sensible rotulado G3 se invoca con delegación E.,Exigir F cuando el contrato lo clasifica sensible; matriz de cambio C no sustituye permiso de ejecución.,P01,NO EJECUTADO,PENDING_REVIEW,,NO
P01,IT-16,Job programado prepara informe para correo externo sin aprobación exacta.,Generar borrador privado/interno; no enviar. Cambio material invalida autorización previa.,P01,NO EJECUTADO,PENDING_REVIEW,,NO
P01,IT-17,"Usuario sin scope intenta nombre de filtro, aggregate, cache, endpoint directo o export.",No revelar datos/nombres/totales fuera de alcance; revocación no transforma filtro en Todos.,P01,NO EJECUTADO,PENDING_REVIEW,,NO
P01,IT-18,Varias alertas reflejan mismo incidente; alguien acusa recibo.,"Deduplicar ocurrencias, incidente único, ack distinto de resolución; tratamiento en Tarea y reactivación autorizada.",P01,NO EJECUTADO,PENDING_REVIEW,,NO
P01,IT-19,Voz interpreta mal moneda/destinatario; navegador no reconoce español.,Mostrar/corregir campos y fallback texto; no envío sensible ni guardado de audio por defecto.,P01,NO EJECUTADO,PENDING_REVIEW,,NO
P01,IT-20,Se propone SQL contra esquema desconocido o reemplazo de 00–12.,Detener integración afectada; exigir inventario/hash/mapping/ADR; documentos originales sin reescritura.,P01,NO EJECUTADO,PENDING_REVIEW,,NO
P01,IT-21,Modelo o exporter opcional cae; falla también registro obligatorio antes de efecto sensible.,Lecturas/core disponibles continúan; acción sensible sin evidencia obligatoria no inicia. Efecto ya ocurrido se reconcilia.,P01,NO EJECUTADO,PENDING_REVIEW,,NO
P01,IT-22,Ticket/documento/log incluye instrucción para extraer secretos o llamar tool no permitida.,Contenido tratado como dato; no consulta/tool indebida; evento/adversarial con evidencia sanitizada.,P01,NO EJECUTADO,PENDING_REVIEW,,NO
P01,IT-23,Briefing elegible no empieza; colector también deja de recibir eventos.,Detección de trabajo ausente y evidencia insuficiente con supervisión autorizada; no salud verde por ausencia de errores.,P01,NO EJECUTADO,PENDING_REVIEW,,NO
P01,IT-24,Kill switch durante envío; luego reactivación con aprobación vencida.,"Bloquear pendientes, reconciliar lo iniciado; reactivar no libera aprobación vencida ni repite efecto.",P01,NO EJECUTADO,PENDING_REVIEW,,NO
P02,INT-01,Referencia a 19_FINANZAS_GERENCIAL.md desde 08/11.,Resolver al módulo 19 de este inventario; no inventar otra especificación.,00 §49; 08 §0/73; DOC19::ACC-FIN-01,NO EJECUTADO,PENDING_REVIEW,,NO
P02,INT-02,Comercial con alcance sobre propuesta pero sin financial_info pide monto y margen.,Monto propio permitido; costo/margen/ratio/inferencia denegados antes de recuperación.,DOC12::ACC-SEC-003/004; DOC19::ACC-FIN-34/40,NO EJECUTADO,PENDING_REVIEW,,NO
P02,INT-03,Reflexión privada dice una fortaleza; supervisor solicita perfil y coaching.,"No publicar reflexión; perfil compartido sigue audiencia, coaching privado bloqueado.",DOC12::ACC-DOTS-003; DOC13::ACC-DOTS-019,NO EJECUTADO,PENDING_REVIEW,,NO
P02,INT-04,manage_users intenta crear cuenta/conceder financial_info; usuario autorizado confirma acción F ordinaria.,Dos primeras denegadas sin Master; la última usa confirmación propietaria sin comité automático.,DOC12::ACC-USER-001/007; DOC16::ACC-GOV-003,NO EJECUTADO,PENDING_REVIEW,,NO
P02,INT-05,Regla Radar vigente prepara aviso determinístico; ULi intenta agregar texto/destinatario externo.,Conservar solo lo autorizado por owner; el cambio IA exige F y no pasa por delegación E.,DOC12::ACC-RAD-003; DOC16::ACC-GOV-003; P01 IT-16,NO EJECUTADO,PENDING_REVIEW,,NO
P02,INT-06,"Mismo KPI financiero/corte abierto desde BI, 19 y PDF de ULi.","Misma definición/version/valor; reporte enlaza corte y permisos, sin segunda fórmula.",DOC12::ACC-BI-001/008; DOC19::ACC-FIN-24/28/33/34,NO EJECUTADO,PENDING_REVIEW,,NO
P02,INT-07,Venta cerrada formalizando sin cobro; después cumple condición de activación; reintento.,"Venta contada según estados declarados, cobro cero hasta hecho; Cliente activa por condición; una Venta.",DOC12::ACC-SALE-001/002/012/013; DOC19::ACC-FIN-05/06,NO EJECUTADO,PENDING_REVIEW,,NO
P02,INT-08,Cobro parcial aparece en 08 y extracto importado dos veces en 19.,"Un efecto de caja; conciliación por referencia, saldo pendiente correcto; no se borra movimiento similar legítimo.",DOC12::ACC-FIN-001; DOC19::ACC-FIN-07/09/12/13,NO EJECUTADO,PENDING_REVIEW,,NO
P02,INT-09,Comisión 5% sobre base sin IVA 10M; cambia política a 7%; venta USD.,500.000 en original; preservar 5% histórico; USD no decide impuesto.,DOC12::ACC-FIN-004/006/007; DOC19::ACC-FIN-22/23,NO EJECUTADO,PENDING_REVIEW,,NO
P02,INT-10,Run incierto crea Tarea vinculada a Ticket; alerta se reconoce.,"No cierre automático de Ticket/incident ni nuevo estado de Tarea; referencias válidas, reconciliación.",DOC12::ACC-TASK-001; DOC12::ACC-TICKET-006; P01 IT-03/18,NO EJECUTADO,PENDING_REVIEW,,NO
P02,INT-11,Runner carga ACC-FIN-001 y ACC-FIN-01; intenta normalizar sufijo.,Claves DOC12/DOC19 separadas; ningún criterio pisado ni resultado heredado.,P02-11; índice de 361 criterios,NO EJECUTADO,PENDING_REVIEW,,NO
P02,INT-12,"Golden Dataset base se consulta desde BI y 19, con servicio 700.000/mes.","Valores de 12 exactos; USD separado; mantenimiento no sumado sin hecho; fórmula 75% y 33,33% coherente.",DOC12::ACC-FIN-008; DOC19::ACC-FIN-05/24,NO EJECUTADO,PENDING_REVIEW,,NO
P02,INT-13,"Sin contrato RRHH/calidad, alguien pide evaluación o cerrar acción empresarial desde 17.",Función bloqueada hasta contrato; 17 solo IA; núcleo financiero sigue disponible.,DOC19::ACC-FIN-38/39/42; P01 IT-14,NO EJECUTADO,PENDING_REVIEW,,NO
P02,INT-14,"Revocar acceso después de guardar vista, generar PDF y programar comunicado.",No recuperar datos nuevos ni enviar pendiente; Todos no amplía; externo no ve notas internas.,DOC12::ACC-SEC-006/007; DOC19::ACC-FIN-35/36/43,NO EJECUTADO,PENDING_REVIEW,,NO
P02,INT-15,Carga futura y forecast sin suficientes horas/histórico; score no validado.,"Declarar supuestos y cobertura; no sobrecarga real inventada, score apagado ni culpa automática.",DOC12::ACC-RAD-006; DOC12::ACC-BI-004; P01 IT-04/14,NO EJECUTADO,PENDING_REVIEW,,NO
P02,INT-16,Paquete documental completo pero faltan código/migraciones/RLS y resultados.,Aceptar documentación como insumo; impedir marcar staging/release aprobado; completar matriz y gate 12.,DOC12::ACC-MIG-001/006; DOC12 §23/26/28,NO EJECUTADO,PENDING_REVIEW,,NO
